SKU,Product Name,Price (CAD),Line/Category,Availability,Product URL,Price Type,Updated UTC
UACC-DAC-QSFP28-0.5M,100G Direct Attach Cable,46.00,Accessories,In Stock,https://ca.store.ui.com/ca/en/products/uacc-dac-qsfp28,Exact,2026-08-19T17:31:41+00:00
UACC-DAC-QSFP28-0.5M-10,100G Direct Attach Cable,415.00,Accessories,In Stock,https://ca.store.ui.com/ca/en/products/uacc-dac-qsfp28,Exact,2026-08-19T17:31:41+00:00
UACC-DAC-QSFP28-1M,100G Direct Attach Cable,55.00,Accessories,In Stock,https://ca.store.ui.com/ca/en/products/uacc-dac-qsfp28,Exact,2026-08-19T17:31:41+00:00
UACC-DAC-QSFP28-1M-10,100G Direct Attach Cable,459.00,Accessories,In Stock,https://ca.store.ui.com/ca/en/products/uacc-dac-qsfp28,Exact,2026-08-19T17:31:41+00:00
UACC-DAC-QSFP28-3M,100G Direct Attach Cable,75.00,Accessories,In Stock,https://ca.store.ui.com/ca/en/products/uacc-dac-qsfp28,Exact,2026-08-19T17:31:41+00:00
UACC-AOC-QSFP28-10M,100G Long-Range Direct Attach Cable,255.00,Accessories,In Stock,https://ca.store.ui.com/ca/en/products/uacc-aoc-qsfp28,Exact,2026-08-19T17:31:41+00:00
UACC-AOC-QSFP28-20M,100G Long-Range Direct Attach Cable,285.00,Accessories,In Stock,https://ca.store.ui.com/ca/en/products/uacc-aoc-qsfp28,Exact,2026-08-19T17:31:41+00:00
UACC-AOC-QSFP28-30M,100G Long-Range Direct Attach Cable,315.00,Accessories,In Stock,https://ca.store.ui.com/ca/en/products/uacc-aoc-qsfp28,Exact,2026-08-19T17:31:41+00:00
UACC-AOC-QSFP28-5M,100G Long-Range Direct Attach Cable,240.00,Accessories,In Stock,https://ca.store.ui.com/ca/en/products/uacc-aoc-qsfp28,Exact,2026-08-19T17:31:41+00:00
UACC-OM-QSFP28-LR4,100G LR4 Single-Mode Optical Module,429.00,Accessories,In Stock,https://ca.store.ui.com/ca/en/products/uacc-om-qsfp28-lr4,Exact,2026-08-19T17:31:41+00:00
UACC-OM-QSFP28-PSM4,100G PSM4 Single-Mode Optical Module,255.00,Accessories,In Stock,https://ca.store.ui.com/ca/en/products/uacc-om-qsfp28-psm4,Exact,2026-08-19T17:31:41+00:00
UACC-OM-QSFP28-SR4,100G SR4 Multi-Mode Optical Module,99.00,Accessories,In Stock,https://ca.store.ui.com/ca/en/products/uacc-om-qsfp28-sr4,Exact,2026-08-19T17:31:41+00:00
UACC-OM-SM-10G-S-2,10G Bidirectional Single-Mode Optical Module,230.00,Accessories,In Stock,https://ca.store.ui.com/ca/en/products/uacc-om-sm-10g-s,Exact,2026-08-19T17:31:41+00:00
UACC-OM-SM-10G-S-20,10G Bidirectional Single-Mode Optical Module,2080.00,Accessories,In Stock,https://ca.store.ui.com/ca/en/products/uacc-om-sm-10g-s,Exact,2026-08-19T17:31:41+00:00
UACC-OM-SFP10-1270,10G CWDM Single-Mode Optical Module,135.00,Accessories,In Stock,https://ca.store.ui.com/ca/en/products/uacc-om-sfp10,Exact,2026-08-19T17:31:41+00:00
UACC-OM-SFP10-1290,10G CWDM Single-Mode Optical Module,135.00,Accessories,In Stock,https://ca.store.ui.com/ca/en/products/uacc-om-sfp10,Exact,2026-08-19T17:31:41+00:00
UACC-OM-SFP10-1310,10G CWDM Single-Mode Optical Module,135.00,Accessories,In Stock,https://ca.store.ui.com/ca/en/products/uacc-om-sfp10,Exact,2026-08-19T17:31:41+00:00
UACC-OM-SFP10-1330,10G CWDM Single-Mode Optical Module,135.00,Accessories,In Stock,https://ca.store.ui.com/ca/en/products/uacc-om-sfp10,Exact,2026-08-19T17:31:41+00:00
UACC-OM-SFP10-1450,10G CWDM Single-Mode Optical Module,215.00,Accessories,In Stock,https://ca.store.ui.com/ca/en/products/uacc-om-sfp10,Exact,2026-08-19T17:31:41+00:00
UACC-OM-SFP10-1470,10G CWDM Single-Mode Optical Module,215.00,Accessories,In Stock,https://ca.store.ui.com/ca/en/products/uacc-om-sfp10,Exact,2026-08-19T17:31:41+00:00
UACC-OM-SFP10-1490,10G CWDM Single-Mode Optical Module,215.00,Accessories,In Stock,https://ca.store.ui.com/ca/en/products/uacc-om-sfp10,Exact,2026-08-19T17:31:41+00:00
UACC-OM-SFP10-1510,10G CWDM Single-Mode Optical Module,215.00,Accessories,In Stock,https://ca.store.ui.com/ca/en/products/uacc-om-sfp10,Exact,2026-08-19T17:31:41+00:00
UACC-OM-SFP10-1530,10G CWDM Single-Mode Optical Module,215.00,Accessories,In Stock,https://ca.store.ui.com/ca/en/products/uacc-om-sfp10,Exact,2026-08-19T17:31:41+00:00
UACC-OM-SFP10-1550,10G CWDM Single-Mode Optical Module,215.00,Accessories,In Stock,https://ca.store.ui.com/ca/en/products/uacc-om-sfp10,Exact,2026-08-19T17:31:41+00:00
UACC-OM-SFP10-1570,10G CWDM Single-Mode Optical Module,215.00,Accessories,In Stock,https://ca.store.ui.com/ca/en/products/uacc-om-sfp10,Exact,2026-08-19T17:31:41+00:00
UACC-OM-SFP10-1590,10G CWDM Single-Mode Optical Module,215.00,Accessories,In Stock,https://ca.store.ui.com/ca/en/products/uacc-om-sfp10,Exact,2026-08-19T17:31:41+00:00
UACC-DAC-SFP10-0.5M,10G Direct Attach Cable,19.00,Accessories,In Stock,https://ca.store.ui.com/ca/en/products/10gbps-direct-attach-cable,Exact,2026-08-19T17:31:41+00:00
UACC-DAC-SFP10-1M,10G Direct Attach Cable,20.00,Accessories,In Stock,https://ca.store.ui.com/ca/en/products/10gbps-direct-attach-cable,Exact,2026-08-19T17:31:41+00:00
UACC-DAC-SFP10-3M,10G Direct Attach Cable,29.00,Accessories,In Stock,https://ca.store.ui.com/ca/en/products/10gbps-direct-attach-cable,Exact,2026-08-19T17:31:41+00:00
UACC-Adapter-RJ45-USBC-10GE,10G Ethernet Adapter,240.00,Accessories,In Stock,https://ca.store.ui.com/ca/en/products/uacc-adapter-rj45-usbc-10ge,Exact,2026-08-19T17:31:41+00:00
UACC-AOC-SFP10-10M,10G Long-Range Direct Attach Cable,60.00,Accessories,In Stock,https://ca.store.ui.com/ca/en/products/10-gbps-active-optical-cable,Exact,2026-08-19T17:31:41+00:00
UACC-AOC-SFP10-20M,10G Long-Range Direct Attach Cable,75.00,Accessories,In Stock,https://ca.store.ui.com/ca/en/products/10-gbps-active-optical-cable,Exact,2026-08-19T17:31:41+00:00
UACC-AOC-SFP10-30M,10G Long-Range Direct Attach Cable,89.00,Accessories,In Stock,https://ca.store.ui.com/ca/en/products/10-gbps-active-optical-cable,Exact,2026-08-19T17:31:41+00:00
UACC-AOC-SFP10-5M,10G Long-Range Direct Attach Cable,55.00,Accessories,In Stock,https://ca.store.ui.com/ca/en/products/10-gbps-active-optical-cable,Exact,2026-08-19T17:31:41+00:00
UACC-OM-MM-10G-D,10G Multi-Mode Optical Module,28.00,Accessories,In Stock,https://ca.store.ui.com/ca/en/products/10-gbps-multi-mode-optical-module,Exact,2026-08-19T17:31:41+00:00
UACC-OM-MM-10G-D-2,10G Multi-Mode Optical Module,50.00,Accessories,In Stock,https://ca.store.ui.com/ca/en/products/10-gbps-multi-mode-optical-module,Exact,2026-08-19T17:31:41+00:00
UACC-OM-MM-10G-D-20,10G Multi-Mode Optical Module,515.00,Accessories,In Stock,https://ca.store.ui.com/ca/en/products/10-gbps-multi-mode-optical-module,Exact,2026-08-19T17:31:41+00:00
UACC-OM-SM-10G-D-2,10G Single-Mode Optical Module,120.00,Accessories,In Stock,https://ca.store.ui.com/ca/en/products/uacc-om-sm-10g-d,Exact,2026-08-19T17:31:41+00:00
UACC-OM-SM-10G-D-20,10G Single-Mode Optical Module,1015.00,Accessories,In Stock,https://ca.store.ui.com/ca/en/products/uacc-om-sm-10g-d,Exact,2026-08-19T17:31:41+00:00
UACC-Rack-12U-Wall-450-G,"12U Rack Cabinet, 450 mm, Glass Door",285.00,Accessories,In Stock,https://ca.store.ui.com/ca/en/products/uacc-rack-12u-wall-450-g,Exact,2026-08-19T17:31:41+00:00
UACC-Rack-12U-Wall-450-P,"12U Rack Cabinet, 450 mm, Perforated Door",285.00,Accessories,In Stock,https://ca.store.ui.com/ca/en/products/uacc-rack-12u-wall-450-p,Exact,2026-08-19T17:31:41+00:00
UACC-Rack-12U-Wall-600-G,"12U Rack Cabinet, 600 mm, Glass Door",429.00,Accessories,In Stock,https://ca.store.ui.com/ca/en/products/uacc-rack-12u-wall-600-g,Exact,2026-08-19T17:31:41+00:00
UACC-Rack-12U-Wall-600-P,"12U Rack Cabinet, 600 mm, Perforated Door",429.00,Accessories,In Stock,https://ca.store.ui.com/ca/en/products/uacc-rack-12u-wall-600-p,Exact,2026-08-19T17:31:41+00:00
UACC-Rack-12U-Wall-SW-G,"12U Rack Cabinet, Swing, Glass Door",570.00,Accessories,In Stock,https://ca.store.ui.com/ca/en/products/uacc-rack-12u-wall-sw-g,Exact,2026-08-19T17:31:41+00:00
UACC-Rack-12U-Wall-SW-P,"12U Rack Cabinet, Swing, Perforated Door",570.00,Accessories,In Stock,https://ca.store.ui.com/ca/en/products/uacc-rack-12u-wall-sw-p,Exact,2026-08-19T17:31:41+00:00
UACC-OM-SM-1G-S-2,1G Bidirectional Single-Mode Optical Module,30.00,Accessories,In Stock,https://ca.store.ui.com/ca/en/products/1-gbps-bidirectional-single-mode-optical-module,Exact,2026-08-19T17:31:41+00:00
UACC-OM-SM-1G-S-20,1G Bidirectional Single-Mode Optical Module,255.00,Accessories,In Stock,https://ca.store.ui.com/ca/en/products/1-gbps-bidirectional-single-mode-optical-module,Exact,2026-08-19T17:31:41+00:00
UACC-OM-MM-1G-D-2,1G Multi-Mode Optical Module,23.00,Accessories,In Stock,https://ca.store.ui.com/ca/en/products/1-gbps-multi-mode-optical-module,Exact,2026-08-19T17:31:41+00:00
UACC-OM-MM-1G-D-20,1G Multi-Mode Optical Module,215.00,Accessories,In Stock,https://ca.store.ui.com/ca/en/products/1-gbps-multi-mode-optical-module,Exact,2026-08-19T17:31:41+00:00
UACC-Rack-Panel-Patch-Blank-24,24-Port Blank Keystone Patch Panel,40.00,Accessories,In Stock,https://ca.store.ui.com/ca/en/products/uacc-rack-panel-patch-blank-24,Exact,2026-08-19T17:31:41+00:00
UACC-DAC-SFP28-0.5M,25G Direct Attach Cable,31.00,Accessories,In Stock,https://ca.store.ui.com/ca/en/products/25gbps-direct-attach-cable,Exact,2026-08-19T17:31:41+00:00
UACC-DAC-SFP28-1M,25G Direct Attach Cable,35.00,Accessories,In Stock,https://ca.store.ui.com/ca/en/products/25gbps-direct-attach-cable,Exact,2026-08-19T17:31:41+00:00
UACC-DAC-SFP28-3M,25G Direct Attach Cable,55.00,Accessories,In Stock,https://ca.store.ui.com/ca/en/products/25gbps-direct-attach-cable,Exact,2026-08-19T17:31:41+00:00
UACC-AOC-SFP28-10M,25G Long-Range Direct Attach Cable,95.00,Accessories,In Stock,https://ca.store.ui.com/ca/en/products/25-gbps-active-optical-cable,Exact,2026-08-19T17:31:41+00:00
UACC-AOC-SFP28-20M,25G Long-Range Direct Attach Cable,99.00,Accessories,In Stock,https://ca.store.ui.com/ca/en/products/25-gbps-active-optical-cable,Exact,2026-08-19T17:31:41+00:00
UACC-AOC-SFP28-30M,25G Long-Range Direct Attach Cable,109.00,Accessories,In Stock,https://ca.store.ui.com/ca/en/products/25-gbps-active-optical-cable,Exact,2026-08-19T17:31:41+00:00
UACC-AOC-SFP28-5M,25G Long-Range Direct Attach Cable,85.00,Accessories,In Stock,https://ca.store.ui.com/ca/en/products/25-gbps-active-optical-cable,Exact,2026-08-19T17:31:41+00:00
UACC-OM-SFP28-SR,25G Multi-Mode Optical Module,65.00,Accessories,Out of Stock,https://ca.store.ui.com/ca/en/products/25gbps-multi-mode-optical-module,Exact,2026-08-19T17:31:41+00:00
UACC-OM-SFP28-LR,25G Single-Mode Optical Module,170.00,Accessories,In Stock,https://ca.store.ui.com/ca/en/products/uacc-om-sfp28-lr,Exact,2026-08-19T17:31:41+00:00
UACC-HDD-Tray,"3.5"" HDD Tray",21.00,Accessories,In Stock,https://ca.store.ui.com/ca/en/products/uacc-hdd-tray,Exact,2026-08-19T17:31:41+00:00
UACC-Rack-42U-1000-G,"42U Rack Cabinet, 1,000 mm, Glass Door",1435.00,Accessories,In Stock,https://ca.store.ui.com/ca/en/products/uacc-rack-42u-1000-g,Exact,2026-08-19T17:31:41+00:00
UACC-Rack-42U-1000-P,"42U Rack Cabinet, 1,000 mm, Perforated Door",1435.00,Accessories,In Stock,https://ca.store.ui.com/ca/en/products/uacc-rack-42u-1000-p,Exact,2026-08-19T17:31:41+00:00
UACC-Rack-42U-800-G,"42U Rack Cabinet, 800 mm, Glass Door",1290.00,Accessories,In Stock,https://ca.store.ui.com/ca/en/products/uacc-rack-42u-800-g,Exact,2026-08-19T17:31:41+00:00
UACC-Rack-42U-800-P,"42U Rack Cabinet, 800 mm, Perforated Door",1290.00,Accessories,Out of Stock,https://ca.store.ui.com/ca/en/products/uacc-rack-42u-800-p,Exact,2026-08-19T17:31:41+00:00
UACC-Adapter-RJ45-USBC-5GE,5G Ethernet Adapter,70.00,Accessories,In Stock,https://ca.store.ui.com/ca/en/products/uacc-adapter-rj45-usbc-5ge,Exact,2026-08-19T17:31:41+00:00
UACC-Adapter-AC-210W,AC Adapter 210W,115.00,Accessories,In Stock,https://ca.store.ui.com/ca/en/products/uacc-adapter-ac-210w,Exact,2026-08-19T17:31:41+00:00
UMA-D,AC Mesh Dual-Band Antenna,135.00,Accessories,In Stock,https://ca.store.ui.com/ca/en/products/uma-d,Exact,2026-08-19T17:31:41+00:00
IW-HD-BK-3,Access Point In-Wall HD Cover,55.00,Accessories,In Stock,https://ca.store.ui.com/ca/en/products/iw-hd-cover,Exact,2026-08-19T17:31:41+00:00
IW-HD-CF-3,Access Point In-Wall HD Cover,55.00,Accessories,In Stock,https://ca.store.ui.com/ca/en/products/iw-hd-cover,Exact,2026-08-19T17:31:41+00:00
IW-HD-CT-3,Access Point In-Wall HD Cover,55.00,Accessories,Out of Stock,https://ca.store.ui.com/ca/en/products/iw-hd-cover,Exact,2026-08-19T17:31:41+00:00
IW-HD-MB-3,Access Point In-Wall HD Cover,55.00,Accessories,Out of Stock,https://ca.store.ui.com/ca/en/products/iw-hd-cover,Exact,2026-08-19T17:31:41+00:00
IW-HD-WD-3,Access Point In-Wall HD Cover,55.00,Accessories,In Stock,https://ca.store.ui.com/ca/en/products/iw-hd-cover,Exact,2026-08-19T17:31:41+00:00
UACC-Lite-AP-AM,Access Point Lite Arm Mount,27.00,Accessories,In Stock,https://ca.store.ui.com/ca/en/products/uacc-lite-ap-am,Exact,2026-08-19T17:31:41+00:00
nHD-cover-Black-3,Access Point Lite Cover,65.00,Accessories,In Stock,https://ca.store.ui.com/ca/en/products/nhd-cover,Exact,2026-08-19T17:31:41+00:00
nHD-cover-Camo-3,Access Point Lite Cover,65.00,Accessories,In Stock,https://ca.store.ui.com/ca/en/products/nhd-cover,Exact,2026-08-19T17:31:41+00:00
nHD-cover-Concrete-3,Access Point Lite Cover,65.00,Accessories,In Stock,https://ca.store.ui.com/ca/en/products/nhd-cover,Exact,2026-08-19T17:31:41+00:00
nHD-cover-Fabric-3,Access Point Lite Cover,65.00,Accessories,In Stock,https://ca.store.ui.com/ca/en/products/nhd-cover,Exact,2026-08-19T17:31:41+00:00
nHD-cover-Marble-3,Access Point Lite Cover,65.00,Accessories,In Stock,https://ca.store.ui.com/ca/en/products/nhd-cover,Exact,2026-08-19T17:31:41+00:00
nHD-cover-Wood-3,Access Point Lite Cover,65.00,Accessories,In Stock,https://ca.store.ui.com/ca/en/products/nhd-cover,Exact,2026-08-19T17:31:41+00:00
EXTD-cover-Black-3,Access Point U6 Extender/BeaconHD Cover,70.00,Accessories,In Stock,https://ca.store.ui.com/ca/en/products/cover-for-unifi-access-point-beaconhd-3-pack,Exact,2026-08-19T17:31:41+00:00
EXTD-cover-Concrete-3,Access Point U6 Extender/BeaconHD Cover,70.00,Accessories,In Stock,https://ca.store.ui.com/ca/en/products/cover-for-unifi-access-point-beaconhd-3-pack,Exact,2026-08-19T17:31:41+00:00
EXTD-cover-Wood-3,Access Point U6 Extender/BeaconHD Cover,70.00,Accessories,In Stock,https://ca.store.ui.com/ca/en/products/cover-for-unifi-access-point-beaconhd-3-pack,Exact,2026-08-19T17:31:41+00:00
UACC-U7-Cover,Access Point U7 Cover,49.00,Accessories,In Stock,https://ca.store.ui.com/ca/en/products/uacc-u7-cover,Exact,2026-08-19T17:31:41+00:00
AFi-Cable-USB-7M,afi-cable-usb-7m,79.00,Accessories,Unknown,https://ca.store.ui.com/ca/en/products/afi-cable-usb-7m,Exact,2026-08-19T17:31:41+00:00
UACC-AI-Key-RM,AI Key Rack Mount,115.00,Accessories,In Stock,https://ca.store.ui.com/ca/en/products/uacc-ai-key-rm,Exact,2026-08-19T17:31:41+00:00
UACC-AI-Port-RM,AI Port Rack Mount,99.00,Accessories,In Stock,https://ca.store.ui.com/ca/en/products/uacc-ai-port-rm,Exact,2026-08-19T17:31:41+00:00
UACC-AI-Speaker-FM,AI Speaker Flush Mount,85.00,Accessories,In Stock,https://ca.store.ui.com/ca/en/products/uacc-ai-speaker-fm,Exact,2026-08-19T17:31:41+00:00
UACC-AP-AM,AP Arm Mount,39.00,Accessories,Out of Stock,https://ca.store.ui.com/ca/en/products/uacc-ap-am,Exact,2026-08-19T17:31:41+00:00
UACC-Cable-Speaker-150M,Audio Cable,429.00,Accessories,In Stock,https://ca.store.ui.com/ca/en/products/uacc-cable-speaker-150m,Exact,2026-08-19T17:31:41+00:00
UACC-HDD-S-1TB,"Basic Capacity 3.5"" HDD, 1 TB",170.00,Accessories,In Stock,https://ca.store.ui.com/ca/en/products/uacc-hdd-s-1tb,Exact,2026-08-19T17:31:41+00:00
UACC-HDD-S-4TB,"Basic Capacity 3.5"" HDD, 4 TB",229.00,Accessories,In Stock,https://ca.store.ui.com/ca/en/products/uacc-hdd-s-4tb,Exact,2026-08-19T17:31:41+00:00
UACC-Keystone-Coupler-C6,"Cat6 Keystone Coupler, 12-Pack",41.00,Accessories,In Stock,https://ca.store.ui.com/ca/en/products/uacc-keystone-coupler-c6,Exact,2026-08-19T17:31:41+00:00
UACC-Keystone-Jack-C6,"Cat6 Keystone Jack, 12-Pack",41.00,Accessories,In Stock,https://ca.store.ui.com/ca/en/products/uacc-keystone-jack-c6,Exact,2026-08-19T17:31:41+00:00
UACC-Keystone-Coupler-C6A,"Cat6A Keystone Coupler, 12-Pack",55.00,Accessories,In Stock,https://ca.store.ui.com/ca/en/products/uacc-keystone-coupler-c6a,Exact,2026-08-19T17:31:41+00:00
UACC-Keystone-Jack-C6A,"Cat6A Keystone Jack, 12-Pack",55.00,Accessories,In Stock,https://ca.store.ui.com/ca/en/products/uacc-keystone-jack-c6a,Exact,2026-08-19T17:31:41+00:00
CK-Enterprise,ck-enterprise,6699.00,Accessories,Unknown,https://ca.store.ui.com/ca/en/products/ck-enterprise,Exact,2026-08-19T17:31:41+00:00
CKG2-RM,ckg2-rm,135.00,Accessories,Unknown,https://ca.store.ui.com/ca/en/products/ckg2-rm,Exact,2026-08-19T17:31:41+00:00
UACC-UCG-Industrial-RM,Cloud Gateway Industrial Rack Mount,99.00,Accessories,In Stock,https://ca.store.ui.com/ca/en/products/uacc-ucg-industrial-rm,Exact,2026-08-19T17:31:41+00:00
CK-Enterprise,CloudKey Enterprise,6699.00,Accessories,In Stock,https://ca.store.ui.com/ca/en/products/cloud-key-enterprise,Exact,2026-08-19T17:31:41+00:00
CKG2-RM,CloudKey Rack Mount,135.00,Accessories,In Stock,https://ca.store.ui.com/ca/en/products/ckg2-rack-mount,Exact,2026-08-19T17:31:41+00:00
uacc-ckg2-plus-stand,CloudKey Stand,25.00,Accessories,In Stock,https://ca.store.ui.com/ca/en/products/uacc-ckg2-plus-stand,Exact,2026-08-19T17:31:41+00:00
nanoHD-RCM-3,Compact Flagship AP Recessed Ceiling Mount,70.00,Accessories,In Stock,https://ca.store.ui.com/ca/en/products/nanohd-rcm-3,Exact,2026-08-19T17:31:41+00:00
nanoHD-RetroFit-3,Compact Flagship AP Retrofit Mount,40.00,Accessories,In Stock,https://ca.store.ui.com/ca/en/products/nanohd-retrofit-3,Exact,2026-08-19T17:31:41+00:00
UACC-Display-AM,Connect Display Arm Mount,429.00,Accessories,In Stock,https://ca.store.ui.com/ca/en/products/uacc-display-am,Exact,2026-08-19T17:31:41+00:00
UACC-Display-FM,Connect Display Flush Mount,269.00,Accessories,Out of Stock,https://ca.store.ui.com/ca/en/products/uacc-display-fm,Exact,2026-08-19T17:31:41+00:00
UACC-Display21-SM,Connect Display Surface Mount,175.00,Accessories,In Stock,https://ca.store.ui.com/ca/en/products/uacc-display-sm,Exact,2026-08-19T17:31:41+00:00
UACC-Display21-TS,Connect Display Table Stand,215.00,Accessories,Out of Stock,https://ca.store.ui.com/ca/en/products/uacc-display-ts,Exact,2026-08-19T17:31:41+00:00
UACC-Display-VA,Connect Display VESA Mount Adapter,135.00,Accessories,In Stock,https://ca.store.ui.com/ca/en/products/uacc-display-va,Exact,2026-08-19T17:31:41+00:00
UACC-CWDM-4,CWDM Mux Demux 4,269.00,Accessories,In Stock,https://ca.store.ui.com/ca/en/products/uacc-cwdm-4,Exact,2026-08-19T17:31:41+00:00
UACC-CWDM-8,CWDM Mux Demux 8,479.00,Accessories,In Stock,https://ca.store.ui.com/ca/en/products/uacc-cwdm-8,Exact,2026-08-19T17:31:41+00:00
UACC-Switch-DIN,DIN Rail Mount,12.50,Accessories,In Stock,https://ca.store.ui.com/ca/en/products/uacc-switch-din,Exact,2026-08-19T17:31:41+00:00
UACC-CRB,Dream Wall Cable Raceway,35.00,Accessories,In Stock,https://ca.store.ui.com/ca/en/products/uacc-cr,Exact,2026-08-19T17:31:41+00:00
UACC-CRE,Dream Wall Cable Raceway,29.00,Accessories,In Stock,https://ca.store.ui.com/ca/en/products/uacc-cr,Exact,2026-08-19T17:31:41+00:00
UACC-CRS,Dream Wall Cable Raceway,35.00,Accessories,In Stock,https://ca.store.ui.com/ca/en/products/uacc-cr,Exact,2026-08-19T17:31:41+00:00
UACC-PSU-UDW,Dream Wall Power Module,175.00,Accessories,In Stock,https://ca.store.ui.com/ca/en/products/uacc-psu-udw,Exact,2026-08-19T17:31:41+00:00
UACC-Cable-Extender-C6A,"Easy Cable, 2-Pack",27.00,Accessories,In Stock,https://ca.store.ui.com/ca/en/products/uacc-cable-extender-c6a,Exact,2026-08-19T17:31:41+00:00
UACC-HDD-E-16TB,"Enterprise 3.5"" HDD, 16 TB",859.00,Accessories,In Stock,https://ca.store.ui.com/ca/en/products/uacc-hdd-e-16tb,Exact,2026-08-19T17:31:41+00:00
UACC-HDD-E-24TB,"Enterprise 3.5"" HDD, 24 TB",1260.00,Accessories,In Stock,https://ca.store.ui.com/ca/en/products/uacc-hdd-e-24tb,Exact,2026-08-19T17:31:41+00:00
UACC-HDD-E-8TB,"Enterprise 3.5"" HDD, 8 TB",515.00,Accessories,Out of Stock,https://ca.store.ui.com/ca/en/products/uacc-hdd-e-8tb,Exact,2026-08-19T17:31:41+00:00
UACC-ENVR-Bezel,Enterprise NVR Bezel,429.00,Accessories,In Stock,https://ca.store.ui.com/ca/en/products/uacc-envr-bezel,Exact,2026-08-19T17:31:41+00:00
UACC-ESE-16,Enterprise Storage Expansion,2150.00,Accessories,Coming Soon,https://ca.store.ui.com/ca/en/products/uacc-ese-16,Exact,2026-08-19T17:31:41+00:00
ETH-SP-G2,eth-sp-g2,17.00,Accessories,Unknown,https://ca.store.ui.com/ca/en/products/eth-sp-g2,Exact,2026-08-19T17:31:41+00:00
UACC-ETH-SP-Panel-24,Ethernet Surge Protection (24-Port),570.00,Accessories,In Stock,https://ca.store.ui.com/ca/en/products/uacc-eth-sp-panel-24,Exact,2026-08-19T17:31:41+00:00
UACC-ETH-SP-DIN,Ethernet Surge Protection (Single-Port),41.00,Accessories,In Stock,https://ca.store.ui.com/ca/en/products/uacc-eth-sp-din,Exact,2026-08-19T17:31:41+00:00
ETH-SP-G2,Ethernet Surge Protection Outdoor (10kA),17.00,Accessories,In Stock,https://ca.store.ui.com/ca/en/products/ethernet-surge-protector,Exact,2026-08-19T17:31:41+00:00
UACC-ETH-SP-Pro,Ethernet Surge Protection Outdoor (20kA),27.00,Accessories,In Stock,https://ca.store.ui.com/ca/en/products/uacc-eth-sp-pro,Exact,2026-08-19T17:31:41+00:00
UACC-EVSL-Stand-Adapter,EV Station Lite Stand Adapter,39.00,Accessories,In Stock,https://ca.store.ui.com/ca/en/products/uacc-evsl-stand-adapter,Exact,2026-08-19T17:31:41+00:00
UACC-EV-Station-Stand,EV Station Stand,539.00,Accessories,In Stock,https://ca.store.ui.com/ca/en/products/uacc-ev-station-stand,Exact,2026-08-19T17:31:41+00:00
EXTD-cover-Black-3,extd-cover-black-3,70.00,Accessories,Unknown,https://ca.store.ui.com/ca/en/products/extd-cover-black-3,Exact,2026-08-19T17:31:41+00:00
EXTD-cover-Concrete-3,extd-cover-concrete-3,70.00,Accessories,Unknown,https://ca.store.ui.com/ca/en/products/extd-cover-concrete-3,Exact,2026-08-19T17:31:41+00:00
EXTD-cover-Wood-3,extd-cover-wood-3,70.00,Accessories,Unknown,https://ca.store.ui.com/ca/en/products/extd-cover-wood-3,Exact,2026-08-19T17:31:41+00:00
F-POE-G2,f-poe-g2,40.00,Accessories,Unknown,https://ca.store.ui.com/ca/en/products/f-poe-g2,Exact,2026-08-19T17:31:41+00:00
FC-SM-100,fc-sm-100,80.00,Accessories,Unknown,https://ca.store.ui.com/ca/en/products/fc-sm-100,Exact,2026-08-19T17:31:41+00:00
FC-SM-200,fc-sm-200,129.00,Accessories,Unknown,https://ca.store.ui.com/ca/en/products/fc-sm-200,Exact,2026-08-19T17:31:41+00:00
FC-SM-300,fc-sm-300,170.00,Accessories,Unknown,https://ca.store.ui.com/ca/en/products/fc-sm-300,Exact,2026-08-19T17:31:41+00:00
UACC-Rack-Shelf-CLV,Fixed Rack Shelf (Cantilever),70.00,Accessories,Out of Stock,https://ca.store.ui.com/ca/en/products/uacc-rack-shelf-clv,Exact,2026-08-19T17:31:41+00:00
U-PRO-MP,Flagship AP Replacement Mounting System,11.00,Accessories,In Stock,https://ca.store.ui.com/ca/en/products/unifi-professional-mounting-system,Exact,2026-08-19T17:31:41+00:00
UACC-FM,Floating Mount,39.00,Accessories,In Stock,https://ca.store.ui.com/ca/en/products/uacc-fm,Exact,2026-08-19T17:31:41+00:00
UACC-Switch-FM,Floating Mount,19.00,Accessories,In Stock,https://ca.store.ui.com/ca/en/products/uacc-switch-fm,Exact,2026-08-19T17:31:41+00:00
UACC-FM-16cm,Floating Mount 16 cm,41.00,Accessories,In Stock,https://ca.store.ui.com/ca/en/products/uacc-fm-16cm,Exact,2026-08-19T17:31:41+00:00
UACC-FM-17cm,Floating Mount 17 cm,39.00,Accessories,In Stock,https://ca.store.ui.com/ca/en/products/uacc-fm-17cm,Exact,2026-08-19T17:31:41+00:00
UACC-FM-23cm,Floating Mount 23 cm,55.00,Accessories,In Stock,https://ca.store.ui.com/ca/en/products/uacc-fm-23cm,Exact,2026-08-19T17:31:41+00:00
UXG-Enterprise,Gateway Enterprise,2669.00,Accessories,In Stock,https://ca.store.ui.com/ca/en/products/uxg-enterprise,Exact,2026-08-19T17:31:41+00:00
UXG-Fiber,Gateway Fiber,379.00,Accessories,In Stock,https://ca.store.ui.com/ca/en/products/uxg-fiber,Exact,2026-08-19T17:31:41+00:00
UXG-Lite,Gateway Lite,129.00,Accessories,In Stock,https://ca.store.ui.com/ca/en/products/uxg-lite,Exact,2026-08-19T17:31:41+00:00
UXG-Max,Gateway Max,285.00,Accessories,In Stock,https://ca.store.ui.com/ca/en/products/uxg-max,Exact,2026-08-19T17:31:41+00:00
UXG-Pro-US,Gateway Pro,715.00,Accessories,In Stock,https://ca.store.ui.com/ca/en/products/uxg-pro,Exact,2026-08-19T17:31:41+00:00
UACC-GNSS-Antenna,GNSS Antenna,285.00,Accessories,In Stock,https://ca.store.ui.com/ca/en/products/uacc-gnss-antenna,Exact,2026-08-19T17:31:41+00:00
UACC-Fan-F2B-4020,Hot-Swappable Fan Module,99.00,Accessories,In Stock,https://ca.store.ui.com/ca/en/products/uacc-fan-4020,Exact,2026-08-19T17:31:41+00:00
UACC-PSU-54V-1200W,"Hot-Swappable Power Module (1,200W)",429.00,Accessories,In Stock,https://ca.store.ui.com/ca/en/products/uacc-psu-54v-1200w,Exact,2026-08-19T17:31:41+00:00
UACC-PSU-12V-150W,Hot-Swappable Power Module (150W),159.00,Accessories,In Stock,https://ca.store.ui.com/ca/en/products/uacc-psu-12v-150w,Exact,2026-08-19T17:31:41+00:00
UACC-PSU-12V-550W,Hot-Swappable Power Module (550W),229.00,Accessories,Out of Stock,https://ca.store.ui.com/ca/en/products/uacc-psu-12v-550w,Exact,2026-08-19T17:31:41+00:00
UACC-PSU-54V-600W,Hot-Swappable Power Module (600W),229.00,Accessories,In Stock,https://ca.store.ui.com/ca/en/products/uacc-psu-54v-600w,Exact,2026-08-19T17:31:41+00:00
UACC-In-Ceiling-Speaker,In-Ceiling Speaker,215.00,Accessories,In Stock,https://ca.store.ui.com/ca/en/products/uacc-in-ceiling-speaker,Exact,2026-08-19T17:31:41+00:00
UACC-In-Wall-Speaker,In-Wall Speaker,255.00,Accessories,In Stock,https://ca.store.ui.com/ca/en/products/uacc-in-wall-speaker,Exact,2026-08-19T17:31:41+00:00
IW-HD-BK-3,iw-hd-bk-3,55.00,Accessories,Unknown,https://ca.store.ui.com/ca/en/products/iw-hd-bk-3,Exact,2026-08-19T17:31:41+00:00
IW-HD-CF-3,iw-hd-cf-3,55.00,Accessories,Unknown,https://ca.store.ui.com/ca/en/products/iw-hd-cf-3,Exact,2026-08-19T17:31:41+00:00
IW-HD-CT-3,iw-hd-ct-3,55.00,Accessories,Unknown,https://ca.store.ui.com/ca/en/products/iw-hd-ct-3,Exact,2026-08-19T17:31:41+00:00
IW-HD-MB-3,iw-hd-mb-3,55.00,Accessories,Unknown,https://ca.store.ui.com/ca/en/products/iw-hd-mb-3,Exact,2026-08-19T17:31:41+00:00
IW-HD-WD-3,iw-hd-wd-3,55.00,Accessories,Unknown,https://ca.store.ui.com/ca/en/products/iw-hd-wd-3,Exact,2026-08-19T17:31:41+00:00
UACC-Keystone-Blank-Insert-TH,"Keystone Blank Insert Pass-Through, 12-Pack",27.00,Accessories,In Stock,https://ca.store.ui.com/ca/en/products/uacc-keystone-blank-insert-th,Exact,2026-08-19T17:31:41+00:00
UACC-Keystone-Blank-Insert,"Keystone Blank Insert, 24-Pack",25.00,Accessories,In Stock,https://ca.store.ui.com/ca/en/products/uacc-keystone-blank-insert,Exact,2026-08-19T17:31:41+00:00
UACC-LRE,Long-Range Ethernet Repeater,40.00,Accessories,In Stock,https://ca.store.ui.com/ca/en/products/uacc-lre,Exact,2026-08-19T17:31:41+00:00
UACC-SSD-Tray,M.2 SSD Tray,25.00,Accessories,In Stock,https://ca.store.ui.com/ca/en/products/uacc-ssd-tray,Exact,2026-08-19T17:31:41+00:00
UACC-AE,Media Converter,36.00,Accessories,Out of Stock,https://ca.store.ui.com/ca/en/products/uacc-ae,Exact,2026-08-19T17:31:41+00:00
FlexHD-CM-3,Mesh AP In-Ceiling Mount,70.00,Accessories,In Stock,https://ca.store.ui.com/ca/en/products/flexhd-cm-3,Exact,2026-08-19T17:31:41+00:00
UACC-MSD-128GB,microSD Card,99.00,Accessories,In Stock,https://ca.store.ui.com/ca/en/products/uacc-msd,Exact,2026-08-19T17:31:41+00:00
UACC-MSD-1TB,microSD Card,515.00,Accessories,In Stock,https://ca.store.ui.com/ca/en/products/uacc-msd,Exact,2026-08-19T17:31:41+00:00
UACC-MSD-256GB,microSD Card,170.00,Accessories,In Stock,https://ca.store.ui.com/ca/en/products/uacc-msd,Exact,2026-08-19T17:31:41+00:00
UACC-MSD-512GB,microSD Card,285.00,Accessories,In Stock,https://ca.store.ui.com/ca/en/products/uacc-msd,Exact,2026-08-19T17:31:41+00:00
UACC-UMR-TS,Mobile Router Table Stand,25.00,Accessories,Out of Stock,https://ca.store.ui.com/ca/en/products/uacc-umr-ts,Exact,2026-08-19T17:31:41+00:00
nHD-cover-Black-3,nhd-cover-black-3,65.00,Accessories,Unknown,https://ca.store.ui.com/ca/en/products/nhd-cover-black-3,Exact,2026-08-19T17:31:41+00:00
nHD-cover-Camo-3,nhd-cover-camo-3,65.00,Accessories,Unknown,https://ca.store.ui.com/ca/en/products/nhd-cover-camo-3,Exact,2026-08-19T17:31:41+00:00
nHD-cover-Concrete-3,nhd-cover-concrete-3,65.00,Accessories,Unknown,https://ca.store.ui.com/ca/en/products/nhd-cover-concrete-3,Exact,2026-08-19T17:31:41+00:00
nHD-cover-Fabric-3,nhd-cover-fabric-3,65.00,Accessories,Unknown,https://ca.store.ui.com/ca/en/products/nhd-cover-fabric-3,Exact,2026-08-19T17:31:41+00:00
nHD-cover-Marble-3,nhd-cover-marble-3,65.00,Accessories,Unknown,https://ca.store.ui.com/ca/en/products/nhd-cover-marble-3,Exact,2026-08-19T17:31:41+00:00
nHD-cover-Wood-3,nhd-cover-wood-3,65.00,Accessories,Unknown,https://ca.store.ui.com/ca/en/products/nhd-cover-wood-3,Exact,2026-08-19T17:31:41+00:00
unifi-hosting,Official UniFi Hosting,39.00,Accessories,In Stock,https://ca.store.ui.com/ca/en/products/unifi-hosting,Exact,2026-08-19T17:31:41+00:00
official-unifi-hosting,official-unifi-hosting,39.00,Accessories,Unknown,https://ca.store.ui.com/ca/en/products/official-unifi-hosting,Exact,2026-08-19T17:31:41+00:00
UACC-OFC-M2-LULU-0.5M,OM4 Duplex LC UPC Fiber Patch Cable,6.50,Accessories,In Stock,https://ca.store.ui.com/ca/en/products/uacc-ofc-m2-lulu,Exact,2026-08-19T17:31:41+00:00
UACC-OFC-M2-LULU-0.5M-50,OM4 Duplex LC UPC Fiber Patch Cable,240.00,Accessories,In Stock,https://ca.store.ui.com/ca/en/products/uacc-ofc-m2-lulu,Exact,2026-08-19T17:31:41+00:00
UACC-OFC-M2-LULU-10M,OM4 Duplex LC UPC Fiber Patch Cable,18.00,Accessories,In Stock,https://ca.store.ui.com/ca/en/products/uacc-ofc-m2-lulu,Exact,2026-08-19T17:31:41+00:00
UACC-OFC-M2-LULU-15M,OM4 Duplex LC UPC Fiber Patch Cable,27.00,Accessories,In Stock,https://ca.store.ui.com/ca/en/products/uacc-ofc-m2-lulu,Exact,2026-08-19T17:31:41+00:00
UACC-OFC-M2-LULU-1M,OM4 Duplex LC UPC Fiber Patch Cable,6.80,Accessories,In Stock,https://ca.store.ui.com/ca/en/products/uacc-ofc-m2-lulu,Exact,2026-08-19T17:31:41+00:00
UACC-OFC-M2-LULU-1M-50,OM4 Duplex LC UPC Fiber Patch Cable,255.00,Accessories,In Stock,https://ca.store.ui.com/ca/en/products/uacc-ofc-m2-lulu,Exact,2026-08-19T17:31:41+00:00
UACC-OFC-M2-LULU-30M,OM4 Duplex LC UPC Fiber Patch Cable,40.00,Accessories,In Stock,https://ca.store.ui.com/ca/en/products/uacc-ofc-m2-lulu,Exact,2026-08-19T17:31:41+00:00
UACC-OFC-M2-LULU-3M,OM4 Duplex LC UPC Fiber Patch Cable,9.50,Accessories,In Stock,https://ca.store.ui.com/ca/en/products/uacc-ofc-m2-lulu,Exact,2026-08-19T17:31:41+00:00
UACC-OFC-M2-LULU-3M-50,OM4 Duplex LC UPC Fiber Patch Cable,385.00,Accessories,In Stock,https://ca.store.ui.com/ca/en/products/uacc-ofc-m2-lulu,Exact,2026-08-19T17:31:41+00:00
UACC-OFC-M2-LULU-5M,OM4 Duplex LC UPC Fiber Patch Cable,12.00,Accessories,In Stock,https://ca.store.ui.com/ca/en/products/uacc-ofc-m2-lulu,Exact,2026-08-19T17:31:41+00:00
UACC-OFC-MA-MPMP-0.5M,OM4 MPO-12 UPC Fiber Patch Cable,60.00,Accessories,In Stock,https://ca.store.ui.com/ca/en/products/uacc-ofc-ma-mpmp,Exact,2026-08-19T17:31:41+00:00
UACC-OFC-MA-MPMP-0.5M-10,OM4 MPO-12 UPC Fiber Patch Cable,570.00,Accessories,In Stock,https://ca.store.ui.com/ca/en/products/uacc-ofc-ma-mpmp,Exact,2026-08-19T17:31:41+00:00
UACC-OFC-MA-MPMP-100M,OM4 MPO-12 UPC Fiber Patch Cable,715.00,Accessories,In Stock,https://ca.store.ui.com/ca/en/products/uacc-ofc-ma-mpmp,Exact,2026-08-19T17:31:41+00:00
UACC-OFC-MA-MPMP-10M,OM4 MPO-12 UPC Fiber Patch Cable,155.00,Accessories,In Stock,https://ca.store.ui.com/ca/en/products/uacc-ofc-ma-mpmp,Exact,2026-08-19T17:31:41+00:00
UACC-OFC-MA-MPMP-15M,OM4 MPO-12 UPC Fiber Patch Cable,215.00,Accessories,In Stock,https://ca.store.ui.com/ca/en/products/uacc-ofc-ma-mpmp,Exact,2026-08-19T17:31:41+00:00
UACC-OFC-MA-MPMP-1M,OM4 MPO-12 UPC Fiber Patch Cable,65.00,Accessories,In Stock,https://ca.store.ui.com/ca/en/products/uacc-ofc-ma-mpmp,Exact,2026-08-19T17:31:41+00:00
UACC-OFC-MA-MPMP-1M-10,OM4 MPO-12 UPC Fiber Patch Cable,585.00,Accessories,In Stock,https://ca.store.ui.com/ca/en/products/uacc-ofc-ma-mpmp,Exact,2026-08-19T17:31:41+00:00
UACC-OFC-MA-MPMP-30M,OM4 MPO-12 UPC Fiber Patch Cable,285.00,Accessories,In Stock,https://ca.store.ui.com/ca/en/products/uacc-ofc-ma-mpmp,Exact,2026-08-19T17:31:41+00:00
UACC-OFC-MA-MPMP-3M,OM4 MPO-12 UPC Fiber Patch Cable,85.00,Accessories,In Stock,https://ca.store.ui.com/ca/en/products/uacc-ofc-ma-mpmp,Exact,2026-08-19T17:31:41+00:00
UACC-OFC-MA-MPMP-3M-10,OM4 MPO-12 UPC Fiber Patch Cable,815.00,Accessories,In Stock,https://ca.store.ui.com/ca/en/products/uacc-ofc-ma-mpmp,Exact,2026-08-19T17:31:41+00:00
UACC-OFC-MA-MPMP-5M,OM4 MPO-12 UPC Fiber Patch Cable,99.00,Accessories,In Stock,https://ca.store.ui.com/ca/en/products/uacc-ofc-ma-mpmp,Exact,2026-08-19T17:31:41+00:00
UACC-OFC-MA-MPMP-60M,OM4 MPO-12 UPC Fiber Patch Cable,429.00,Accessories,In Stock,https://ca.store.ui.com/ca/en/products/uacc-ofc-ma-mpmp,Exact,2026-08-19T17:31:41+00:00
F-POE-G2,Optical Data Transport for Outdoor PoE Devices,40.00,Accessories,In Stock,https://ca.store.ui.com/ca/en/products/optical-data-transport-for-outdoor-poe-devices,Exact,2026-08-19T17:31:41+00:00
FC-SM-100,OS1 Simplex LC UPC Fiber Patch Cable,80.00,Accessories,In Stock,https://ca.store.ui.com/ca/en/products/fc-sm,Exact,2026-08-19T17:31:41+00:00
FC-SM-200,OS1 Simplex LC UPC Fiber Patch Cable,129.00,Accessories,In Stock,https://ca.store.ui.com/ca/en/products/fc-sm,Exact,2026-08-19T17:31:41+00:00
FC-SM-300,OS1 Simplex LC UPC Fiber Patch Cable,170.00,Accessories,In Stock,https://ca.store.ui.com/ca/en/products/fc-sm,Exact,2026-08-19T17:31:41+00:00
UACC-OFC-S2-LULU-0.5M,OS2 Duplex LC UPC Fiber Patch Cable,6.50,Accessories,In Stock,https://ca.store.ui.com/ca/en/products/uacc-ofc-s2-lulu,Exact,2026-08-19T17:31:41+00:00
UACC-OFC-S2-LULU-0.5M-50,OS2 Duplex LC UPC Fiber Patch Cable,240.00,Accessories,In Stock,https://ca.store.ui.com/ca/en/products/uacc-ofc-s2-lulu,Exact,2026-08-19T17:31:41+00:00
UACC-OFC-S2-LULU-10M,OS2 Duplex LC UPC Fiber Patch Cable,18.00,Accessories,In Stock,https://ca.store.ui.com/ca/en/products/uacc-ofc-s2-lulu,Exact,2026-08-19T17:31:41+00:00
UACC-OFC-S2-LULU-15M,OS2 Duplex LC UPC Fiber Patch Cable,27.00,Accessories,In Stock,https://ca.store.ui.com/ca/en/products/uacc-ofc-s2-lulu,Exact,2026-08-19T17:31:41+00:00
UACC-OFC-S2-LULU-1M,OS2 Duplex LC UPC Fiber Patch Cable,6.80,Accessories,In Stock,https://ca.store.ui.com/ca/en/products/uacc-ofc-s2-lulu,Exact,2026-08-19T17:31:41+00:00
UACC-OFC-S2-LULU-1M-50,OS2 Duplex LC UPC Fiber Patch Cable,255.00,Accessories,In Stock,https://ca.store.ui.com/ca/en/products/uacc-ofc-s2-lulu,Exact,2026-08-19T17:31:41+00:00
UACC-OFC-S2-LULU-30M,OS2 Duplex LC UPC Fiber Patch Cable,40.00,Accessories,In Stock,https://ca.store.ui.com/ca/en/products/uacc-ofc-s2-lulu,Exact,2026-08-19T17:31:41+00:00
UACC-OFC-S2-LULU-3M,OS2 Duplex LC UPC Fiber Patch Cable,9.50,Accessories,In Stock,https://ca.store.ui.com/ca/en/products/uacc-ofc-s2-lulu,Exact,2026-08-19T17:31:41+00:00
UACC-OFC-S2-LULU-3M-50,OS2 Duplex LC UPC Fiber Patch Cable,385.00,Accessories,Out of Stock,https://ca.store.ui.com/ca/en/products/uacc-ofc-s2-lulu,Exact,2026-08-19T17:31:41+00:00
UACC-OFC-S2-LULU-5M,OS2 Duplex LC UPC Fiber Patch Cable,12.00,Accessories,In Stock,https://ca.store.ui.com/ca/en/products/uacc-ofc-s2-lulu,Exact,2026-08-19T17:31:41+00:00
UACC-OFC-SA-MPMP-0.5M,OS2 MPO-12 APC Fiber Patch Cable,95.00,Accessories,In Stock,https://ca.store.ui.com/ca/en/products/uacc-ofc-sa-mpmp,Exact,2026-08-19T17:31:41+00:00
UACC-OFC-SA-MPMP-0.5M-10,OS2 MPO-12 APC Fiber Patch Cable,845.00,Accessories,In Stock,https://ca.store.ui.com/ca/en/products/uacc-ofc-sa-mpmp,Exact,2026-08-19T17:31:41+00:00
UACC-OFC-SA-MPMP-10M,OS2 MPO-12 APC Fiber Patch Cable,115.00,Accessories,In Stock,https://ca.store.ui.com/ca/en/products/uacc-ofc-sa-mpmp,Exact,2026-08-19T17:31:41+00:00
UACC-OFC-SA-MPMP-1M,OS2 MPO-12 APC Fiber Patch Cable,90.00,Accessories,In Stock,https://ca.store.ui.com/ca/en/products/uacc-ofc-sa-mpmp,Exact,2026-08-19T17:31:41+00:00
UACC-OFC-SA-MPMP-1M-10,OS2 MPO-12 APC Fiber Patch Cable,859.00,Accessories,In Stock,https://ca.store.ui.com/ca/en/products/uacc-ofc-sa-mpmp,Exact,2026-08-19T17:31:41+00:00
UACC-OFC-SA-MPMP-3M,OS2 MPO-12 APC Fiber Patch Cable,99.00,Accessories,In Stock,https://ca.store.ui.com/ca/en/products/uacc-ofc-sa-mpmp,Exact,2026-08-19T17:31:41+00:00
UACC-OFC-SA-MPMP-3M-10,OS2 MPO-12 APC Fiber Patch Cable,875.00,Accessories,In Stock,https://ca.store.ui.com/ca/en/products/uacc-ofc-sa-mpmp,Exact,2026-08-19T17:31:41+00:00
UACC-OFC-SA-MPMP-5M,OS2 MPO-12 APC Fiber Patch Cable,105.00,Accessories,In Stock,https://ca.store.ui.com/ca/en/products/uacc-ofc-sa-mpmp,Exact,2026-08-19T17:31:41+00:00
UACC-UK-Ultra-Panel-Antenna,Panel Antenna Ultra,50.00,Accessories,In Stock,https://ca.store.ui.com/ca/en/products/uacc-uk-ultra-panel-antenna,Exact,2026-08-19T17:31:41+00:00
UACC-PoE+-USBC,PoE Integrated AC Adapter,70.00,Accessories,In Stock,https://ca.store.ui.com/ca/en/products/uacc-poe-plus-usbc,Exact,2026-08-19T17:31:41+00:00
UACC-Pro-Max-16-RM,Pro Max 16 Rack Mount,65.00,Accessories,Out of Stock,https://ca.store.ui.com/ca/en/products/uacc-pro-max-16-rm,Exact,2026-08-19T17:31:41+00:00
UACC-Rack-Ear-1U,Rack Ear Kit,13.00,Accessories,In Stock,https://ca.store.ui.com/ca/en/products/uacc-rack-ear,Exact,2026-08-19T17:31:41+00:00
UACC-Rack-Ear-2U,Rack Ear Kit,21.00,Accessories,In Stock,https://ca.store.ui.com/ca/en/products/uacc-rack-ear,Exact,2026-08-19T17:31:41+00:00
UACC-Rack-Panel-Blank-1U,Rack Mount OCD Panels,25.00,Accessories,In Stock,https://ca.store.ui.com/ca/en/products/uacc-rack-panel-ocd,Exact,2026-08-19T17:31:41+00:00
UACC-Rack-Panel-Blank-2U,Rack Mount OCD Panels,40.00,Accessories,In Stock,https://ca.store.ui.com/ca/en/products/uacc-rack-panel-ocd,Exact,2026-08-19T17:31:41+00:00
UACC-Rack-Panel-Brush-1U,Rack Mount OCD Panels,55.00,Accessories,In Stock,https://ca.store.ui.com/ca/en/products/uacc-rack-panel-ocd,Exact,2026-08-19T17:31:41+00:00
UACC-Rack-Panel-Vented-1U,Rack Mount OCD Panels,40.00,Accessories,In Stock,https://ca.store.ui.com/ca/en/products/uacc-rack-panel-ocd,Exact,2026-08-19T17:31:41+00:00
UACC-Rack-Panel-Vented-2U,Rack Mount OCD Panels,55.00,Accessories,In Stock,https://ca.store.ui.com/ca/en/products/uacc-rack-panel-ocd,Exact,2026-08-19T17:31:41+00:00
UACC-RJ45-Cover,"RJ45 Dust Cover, 24-Pack",25.00,Accessories,In Stock,https://ca.store.ui.com/ca/en/products/uacc-rj45-cover,Exact,2026-08-19T17:31:41+00:00
UACC-RJ45-Coupler-C6A,"RJ45 Inline Coupler Indoor, 10-Pack",41.00,Accessories,In Stock,https://ca.store.ui.com/ca/en/products/uacc-rj45-coupler-c6a,Exact,2026-08-19T17:31:41+00:00
UACC-RJ45-Coupler-C6A-Outdoor,"RJ45 Inline Coupler Outdoor, 2-Pack",27.00,Accessories,In Stock,https://ca.store.ui.com/ca/en/products/uacc-rj45-coupler-c6a-outdoor,Exact,2026-08-19T17:31:41+00:00
UACC-CM-RJ45-1G,SFP to RJ45 Adapter,25.00,Accessories,In Stock,https://ca.store.ui.com/ca/en/products/rj45-to-sfp-module,Exact,2026-08-19T17:31:41+00:00
UACC-SFP-Wizard,SFP Wizard,70.00,Accessories,In Stock,https://ca.store.ui.com/ca/en/products/uacc-sfp-wizard,Exact,2026-08-19T17:31:41+00:00
UACC-CM-RJ45-MG,SFP+ to RJ45 Adapter,85.00,Accessories,In Stock,https://ca.store.ui.com/ca/en/products/uacc-cm-rj45-mg,Exact,2026-08-19T17:31:41+00:00
USP-Cable,SmartPower Cable,40.00,Accessories,In Stock,https://ca.store.ui.com/ca/en/products/unifi-smartpower-cable,Exact,2026-08-19T17:31:41+00:00
UACC-Rack-PM-Kit,"SnapMount Rack Kit, 20-Pack",65.00,Accessories,In Stock,https://ca.store.ui.com/ca/en/products/uacc-rack-pm-kit,Exact,2026-08-19T17:31:41+00:00
UACC-UK-Ultra-Omni-Antenna-AO,Swiss Army Knife Omni Antenna,21.00,Accessories,Out of Stock,https://ca.store.ui.com/ca/en/products/uacc-uk-ultra-omni-antenna-ao,Exact,2026-08-19T17:31:41+00:00
UACC-UK-Ultra-TS,Swiss Army Knife Table Stand,21.00,Accessories,In Stock,https://ca.store.ui.com/ca/en/products/uacc-uk-ultra-ts,Exact,2026-08-19T17:31:41+00:00
UACC-Cable-UHS-1M,Thin HDMI Cable,25.00,Accessories,In Stock,https://ca.store.ui.com/ca/en/products/uacc-cable-uhs,Exact,2026-08-19T17:31:41+00:00
UACC-Cable-UHS-2M,Thin HDMI Cable,41.00,Accessories,In Stock,https://ca.store.ui.com/ca/en/products/uacc-cable-uhs,Exact,2026-08-19T17:31:41+00:00
UACC-Cable-UHS-5M,Thin HDMI Cable,70.00,Accessories,In Stock,https://ca.store.ui.com/ca/en/products/uacc-cable-uhs,Exact,2026-08-19T17:31:41+00:00
U-Rack-6U-TL,Toolless Mini Rack,409.00,Accessories,In Stock,https://ca.store.ui.com/ca/en/products/toolless-mini-rack,Exact,2026-08-19T17:31:41+00:00
UACC-Rack-Shelf-TL,Toolless Mini Rack Shelf (Fixed),65.00,Accessories,Out of Stock,https://ca.store.ui.com/ca/en/products/uacc-rack-shelf-tl,Exact,2026-08-19T17:31:41+00:00
UACC-Rack-Shelf-TL-SD,Toolless Mini Rack Shelf (Sliding),70.00,Accessories,In Stock,https://ca.store.ui.com/ca/en/products/uacc-rack-shelf-tl-sd,Exact,2026-08-19T17:31:41+00:00
UACC-Rack-Stacking-Kit,Toolless Mini Rack Stacking Kit,80.00,Accessories,In Stock,https://ca.store.ui.com/ca/en/products/uacc-rack-stacking-kit,Exact,2026-08-19T17:31:41+00:00
U-PoE,u-poe,10.00,Accessories,Unknown,https://ca.store.ui.com/ca/en/products/u-poe,Exact,2026-08-19T17:31:41+00:00
U-PoE+,u-poeplus,20.00,Accessories,Unknown,https://ca.store.ui.com/ca/en/products/u-poeplus,Exact,2026-08-19T17:31:41+00:00
U-PoE++,u-poeplusplus,39.00,Accessories,Unknown,https://ca.store.ui.com/ca/en/products/u-poeplusplus,Exact,2026-08-19T17:31:41+00:00
U-PRO-MP,u-pro-mp,11.00,Accessories,Unknown,https://ca.store.ui.com/ca/en/products/u-pro-mp,Exact,2026-08-19T17:31:41+00:00
U-Rack-6U-TL,u-rack-6u-tl,409.00,Accessories,Unknown,https://ca.store.ui.com/ca/en/products/u-rack-6u-tl,Exact,2026-08-19T17:31:41+00:00
UACC-U7-Pro-Wall-Cover,U7 Pro Wall Paintable Cover,39.00,Accessories,In Stock,https://ca.store.ui.com/ca/en/products/uacc-u7-pro-wall-cover,Exact,2026-08-19T17:31:41+00:00
UACC-U7-Pro-Wall-FM,U7 Pro Wall Paintable Flush Mount,55.00,Accessories,In Stock,https://ca.store.ui.com/ca/en/products/uacc-u7-pro-wall-fm,Exact,2026-08-19T17:31:41+00:00
UACC-U7-Pro-Wall-TS,U7 Pro Wall Table Stand,55.00,Accessories,In Stock,https://ca.store.ui.com/ca/en/products/uacc-u7-pro-wall-ts,Exact,2026-08-19T17:31:41+00:00
UACC-U7-Pro-XG-Wall-FM,U7 Pro XG Wall Flush Mount,55.00,Accessories,In Stock,https://ca.store.ui.com/ca/en/products/uacc-u7-pro-xg-wall-fm,Exact,2026-08-19T17:31:41+00:00
UACC-U7-Pro-XG-Wall-Cover,U7 Pro XG Wall Paintable Cover,41.00,Accessories,In Stock,https://ca.store.ui.com/ca/en/products/uacc-u7-pro-xg-wall-cover,Exact,2026-08-19T17:31:41+00:00
UACC-U7-Pro-XG-Wall-TS,U7 Pro XG Wall Table Stand,55.00,Accessories,In Stock,https://ca.store.ui.com/ca/en/products/uacc-u7-pro-xg-wall-ts,Exact,2026-08-19T17:31:41+00:00
UACC-AOC-QSFP28-10M,uacc-aoc-qsfp28-10m,255.00,Accessories,Unknown,https://ca.store.ui.com/ca/en/products/uacc-aoc-qsfp28-10m,Exact,2026-08-19T17:31:41+00:00
UACC-AOC-QSFP28-20M,uacc-aoc-qsfp28-20m,285.00,Accessories,Unknown,https://ca.store.ui.com/ca/en/products/uacc-aoc-qsfp28-20m,Exact,2026-08-19T17:31:41+00:00
UACC-AOC-QSFP28-30M,uacc-aoc-qsfp28-30m,315.00,Accessories,Unknown,https://ca.store.ui.com/ca/en/products/uacc-aoc-qsfp28-30m,Exact,2026-08-19T17:31:41+00:00
UACC-AOC-QSFP28-5M,uacc-aoc-qsfp28-5m,240.00,Accessories,Unknown,https://ca.store.ui.com/ca/en/products/uacc-aoc-qsfp28-5m,Exact,2026-08-19T17:31:41+00:00
UACC-AOC-SFP10-10M,uacc-aoc-sfp10-10m,60.00,Accessories,Unknown,https://ca.store.ui.com/ca/en/products/uacc-aoc-sfp10-10m,Exact,2026-08-19T17:31:41+00:00
UACC-AOC-SFP10-20M,uacc-aoc-sfp10-20m,75.00,Accessories,Unknown,https://ca.store.ui.com/ca/en/products/uacc-aoc-sfp10-20m,Exact,2026-08-19T17:31:41+00:00
UACC-AOC-SFP10-30M,uacc-aoc-sfp10-30m,89.00,Accessories,Unknown,https://ca.store.ui.com/ca/en/products/uacc-aoc-sfp10-30m,Exact,2026-08-19T17:31:41+00:00
UACC-AOC-SFP10-5M,uacc-aoc-sfp10-5m,55.00,Accessories,Unknown,https://ca.store.ui.com/ca/en/products/uacc-aoc-sfp10-5m,Exact,2026-08-19T17:31:41+00:00
UACC-AOC-SFP28-10M,uacc-aoc-sfp28-10m,95.00,Accessories,Unknown,https://ca.store.ui.com/ca/en/products/uacc-aoc-sfp28-10m,Exact,2026-08-19T17:31:41+00:00
UACC-AOC-SFP28-20M,uacc-aoc-sfp28-20m,99.00,Accessories,Unknown,https://ca.store.ui.com/ca/en/products/uacc-aoc-sfp28-20m,Exact,2026-08-19T17:31:41+00:00
UACC-AOC-SFP28-30M,uacc-aoc-sfp28-30m,109.00,Accessories,Unknown,https://ca.store.ui.com/ca/en/products/uacc-aoc-sfp28-30m,Exact,2026-08-19T17:31:41+00:00
UACC-AOC-SFP28-5M,uacc-aoc-sfp28-5m,85.00,Accessories,Unknown,https://ca.store.ui.com/ca/en/products/uacc-aoc-sfp28-5m,Exact,2026-08-19T17:31:41+00:00
UACC-Cable-C5e-Outdoor-Pro-305M-W,uacc-cable-c5e-outdoor-pro-305m-w,215.00,Accessories,Unknown,https://ca.store.ui.com/ca/en/products/uacc-cable-c5e-outdoor-pro-305m-w,Exact,2026-08-19T17:31:41+00:00
UACC-Cable-Patch-0.2M-BK,uacc-cable-patch-0dot2m-bk,3.60,Accessories,Unknown,https://ca.store.ui.com/ca/en/products/uacc-cable-patch-0dot2m-bk,Exact,2026-08-19T17:31:41+00:00
UACC-Cable-Patch-0.2M-BK-10,uacc-cable-patch-0dot2m-bk-10,32.00,Accessories,Unknown,https://ca.store.ui.com/ca/en/products/uacc-cable-patch-0dot2m-bk-10,Exact,2026-08-19T17:31:41+00:00
UACC-Cable-Patch-0.2M-BK-24,uacc-cable-patch-0dot2m-bk-24,70.00,Accessories,Unknown,https://ca.store.ui.com/ca/en/products/uacc-cable-patch-0dot2m-bk-24,Exact,2026-08-19T17:31:41+00:00
UACC-Cable-Patch-0.2M-BK-50,uacc-cable-patch-0dot2m-bk-50,140.00,Accessories,Unknown,https://ca.store.ui.com/ca/en/products/uacc-cable-patch-0dot2m-bk-50,Exact,2026-08-19T17:31:41+00:00
UACC-Cable-Patch-0.2M-BL,uacc-cable-patch-0dot2m-bl,3.60,Accessories,Unknown,https://ca.store.ui.com/ca/en/products/uacc-cable-patch-0dot2m-bl,Exact,2026-08-19T17:31:41+00:00
UACC-Cable-Patch-0.2M-BL-10,uacc-cable-patch-0dot2m-bl-10,32.00,Accessories,Unknown,https://ca.store.ui.com/ca/en/products/uacc-cable-patch-0dot2m-bl-10,Exact,2026-08-19T17:31:41+00:00
UACC-Cable-Patch-0.2M-BL-24,uacc-cable-patch-0dot2m-bl-24,70.00,Accessories,Unknown,https://ca.store.ui.com/ca/en/products/uacc-cable-patch-0dot2m-bl-24,Exact,2026-08-19T17:31:41+00:00
UACC-Cable-Patch-0.2M-BL-50,uacc-cable-patch-0dot2m-bl-50,140.00,Accessories,Unknown,https://ca.store.ui.com/ca/en/products/uacc-cable-patch-0dot2m-bl-50,Exact,2026-08-19T17:31:41+00:00
UACC-Cable-Patch-0.2M-W,uacc-cable-patch-0dot2m-w,3.60,Accessories,Unknown,https://ca.store.ui.com/ca/en/products/uacc-cable-patch-0dot2m-w,Exact,2026-08-19T17:31:41+00:00
UACC-Cable-Patch-0.2M-W-10,uacc-cable-patch-0dot2m-w-10,32.00,Accessories,Unknown,https://ca.store.ui.com/ca/en/products/uacc-cable-patch-0dot2m-w-10,Exact,2026-08-19T17:31:41+00:00
UACC-Cable-Patch-0.2M-W-24,uacc-cable-patch-0dot2m-w-24,70.00,Accessories,Unknown,https://ca.store.ui.com/ca/en/products/uacc-cable-patch-0dot2m-w-24,Exact,2026-08-19T17:31:41+00:00
UACC-Cable-Patch-0.2M-W-50,uacc-cable-patch-0dot2m-w-50,140.00,Accessories,Unknown,https://ca.store.ui.com/ca/en/products/uacc-cable-patch-0dot2m-w-50,Exact,2026-08-19T17:31:41+00:00
UACC-Cable-Patch-0.4M-BK,uacc-cable-patch-0dot4m-bk,4.00,Accessories,Unknown,https://ca.store.ui.com/ca/en/products/uacc-cable-patch-0dot4m-bk,Exact,2026-08-19T17:31:41+00:00
UACC-Cable-Patch-0.4M-BK-10,uacc-cable-patch-0dot4m-bk-10,37.00,Accessories,Unknown,https://ca.store.ui.com/ca/en/products/uacc-cable-patch-0dot4m-bk-10,Exact,2026-08-19T17:31:41+00:00
UACC-Cable-Patch-0.4M-BK-24,uacc-cable-patch-0dot4m-bk-24,79.00,Accessories,Unknown,https://ca.store.ui.com/ca/en/products/uacc-cable-patch-0dot4m-bk-24,Exact,2026-08-19T17:31:41+00:00
UACC-Cable-Patch-0.4M-BK-50,uacc-cable-patch-0dot4m-bk-50,150.00,Accessories,Unknown,https://ca.store.ui.com/ca/en/products/uacc-cable-patch-0dot4m-bk-50,Exact,2026-08-19T17:31:41+00:00
UACC-Cable-Patch-0.4M-BL,uacc-cable-patch-0dot4m-bl,4.00,Accessories,Unknown,https://ca.store.ui.com/ca/en/products/uacc-cable-patch-0dot4m-bl,Exact,2026-08-19T17:31:41+00:00
UACC-Cable-Patch-0.4M-BL-10,uacc-cable-patch-0dot4m-bl-10,37.00,Accessories,Unknown,https://ca.store.ui.com/ca/en/products/uacc-cable-patch-0dot4m-bl-10,Exact,2026-08-19T17:31:41+00:00
UACC-Cable-Patch-0.4M-BL-24,uacc-cable-patch-0dot4m-bl-24,79.00,Accessories,Unknown,https://ca.store.ui.com/ca/en/products/uacc-cable-patch-0dot4m-bl-24,Exact,2026-08-19T17:31:41+00:00
UACC-Cable-Patch-0.4M-BL-50,uacc-cable-patch-0dot4m-bl-50,150.00,Accessories,Unknown,https://ca.store.ui.com/ca/en/products/uacc-cable-patch-0dot4m-bl-50,Exact,2026-08-19T17:31:41+00:00
UACC-Cable-Patch-0.4M-W,uacc-cable-patch-0dot4m-w,4.00,Accessories,Unknown,https://ca.store.ui.com/ca/en/products/uacc-cable-patch-0dot4m-w,Exact,2026-08-19T17:31:41+00:00
UACC-Cable-Patch-0.4M-W-10,uacc-cable-patch-0dot4m-w-10,37.00,Accessories,Unknown,https://ca.store.ui.com/ca/en/products/uacc-cable-patch-0dot4m-w-10,Exact,2026-08-19T17:31:41+00:00
UACC-Cable-Patch-0.4M-W-24,uacc-cable-patch-0dot4m-w-24,79.00,Accessories,Unknown,https://ca.store.ui.com/ca/en/products/uacc-cable-patch-0dot4m-w-24,Exact,2026-08-19T17:31:41+00:00
UACC-Cable-Patch-0.4M-W-50,uacc-cable-patch-0dot4m-w-50,150.00,Accessories,Unknown,https://ca.store.ui.com/ca/en/products/uacc-cable-patch-0dot4m-w-50,Exact,2026-08-19T17:31:41+00:00
UACC-Cable-Patch-12M-BK,uacc-cable-patch-12m-bk,24.00,Accessories,Unknown,https://ca.store.ui.com/ca/en/products/uacc-cable-patch-12m-bk,Exact,2026-08-19T17:31:41+00:00
UACC-Cable-Patch-12M-BL,uacc-cable-patch-12m-bl,24.00,Accessories,Unknown,https://ca.store.ui.com/ca/en/products/uacc-cable-patch-12m-bl,Exact,2026-08-19T17:31:41+00:00
UACC-Cable-Patch-12M-W,uacc-cable-patch-12m-w,24.00,Accessories,Unknown,https://ca.store.ui.com/ca/en/products/uacc-cable-patch-12m-w,Exact,2026-08-19T17:31:41+00:00
UACC-Cable-Patch-15M-BK,uacc-cable-patch-15m-bk,28.00,Accessories,Unknown,https://ca.store.ui.com/ca/en/products/uacc-cable-patch-15m-bk,Exact,2026-08-19T17:31:41+00:00
UACC-Cable-Patch-15M-BL,uacc-cable-patch-15m-bl,28.00,Accessories,Unknown,https://ca.store.ui.com/ca/en/products/uacc-cable-patch-15m-bl,Exact,2026-08-19T17:31:41+00:00
UACC-Cable-Patch-15M-W,uacc-cable-patch-15m-w,28.00,Accessories,Unknown,https://ca.store.ui.com/ca/en/products/uacc-cable-patch-15m-w,Exact,2026-08-19T17:31:41+00:00
UACC-Cable-Patch-1M-BK,uacc-cable-patch-1m-bk,5.40,Accessories,Unknown,https://ca.store.ui.com/ca/en/products/uacc-cable-patch-1m-bk,Exact,2026-08-19T17:31:41+00:00
UACC-Cable-Patch-1M-BK-10,uacc-cable-patch-1m-bk-10,50.00,Accessories,Unknown,https://ca.store.ui.com/ca/en/products/uacc-cable-patch-1m-bk-10,Exact,2026-08-19T17:31:41+00:00
UACC-Cable-Patch-1M-BK-24,uacc-cable-patch-1m-bk-24,119.00,Accessories,Unknown,https://ca.store.ui.com/ca/en/products/uacc-cable-patch-1m-bk-24,Exact,2026-08-19T17:31:41+00:00
UACC-Cable-Patch-1M-BL,uacc-cable-patch-1m-bl,5.40,Accessories,Unknown,https://ca.store.ui.com/ca/en/products/uacc-cable-patch-1m-bl,Exact,2026-08-19T17:31:41+00:00
UACC-Cable-Patch-1M-BL-10,uacc-cable-patch-1m-bl-10,50.00,Accessories,Unknown,https://ca.store.ui.com/ca/en/products/uacc-cable-patch-1m-bl-10,Exact,2026-08-19T17:31:41+00:00
UACC-Cable-Patch-1M-BL-24,uacc-cable-patch-1m-bl-24,119.00,Accessories,Unknown,https://ca.store.ui.com/ca/en/products/uacc-cable-patch-1m-bl-24,Exact,2026-08-19T17:31:41+00:00
UACC-Cable-Patch-1M-W,uacc-cable-patch-1m-w,5.40,Accessories,Unknown,https://ca.store.ui.com/ca/en/products/uacc-cable-patch-1m-w,Exact,2026-08-19T17:31:41+00:00
UACC-Cable-Patch-1M-W-10,uacc-cable-patch-1m-w-10,50.00,Accessories,Unknown,https://ca.store.ui.com/ca/en/products/uacc-cable-patch-1m-w-10,Exact,2026-08-19T17:31:41+00:00
UACC-Cable-Patch-1M-W-24,uacc-cable-patch-1m-w-24,119.00,Accessories,Unknown,https://ca.store.ui.com/ca/en/products/uacc-cable-patch-1m-w-24,Exact,2026-08-19T17:31:41+00:00
UACC-Cable-Patch-2M-BK,uacc-cable-patch-2m-bk,6.90,Accessories,Unknown,https://ca.store.ui.com/ca/en/products/uacc-cable-patch-2m-bk,Exact,2026-08-19T17:31:41+00:00
UACC-Cable-Patch-2M-BK-10,uacc-cable-patch-2m-bk-10,65.00,Accessories,Unknown,https://ca.store.ui.com/ca/en/products/uacc-cable-patch-2m-bk-10,Exact,2026-08-19T17:31:41+00:00
UACC-Cable-Patch-2M-BK-24,uacc-cable-patch-2m-bk-24,135.00,Accessories,Unknown,https://ca.store.ui.com/ca/en/products/uacc-cable-patch-2m-bk-24,Exact,2026-08-19T17:31:41+00:00
UACC-Cable-Patch-2M-BL,uacc-cable-patch-2m-bl,6.90,Accessories,Unknown,https://ca.store.ui.com/ca/en/products/uacc-cable-patch-2m-bl,Exact,2026-08-19T17:31:41+00:00
UACC-Cable-Patch-2M-BL-10,uacc-cable-patch-2m-bl-10,65.00,Accessories,Unknown,https://ca.store.ui.com/ca/en/products/uacc-cable-patch-2m-bl-10,Exact,2026-08-19T17:31:41+00:00
UACC-Cable-Patch-2M-BL-24,uacc-cable-patch-2m-bl-24,135.00,Accessories,Unknown,https://ca.store.ui.com/ca/en/products/uacc-cable-patch-2m-bl-24,Exact,2026-08-19T17:31:41+00:00
UACC-Cable-Patch-2M-W,uacc-cable-patch-2m-w,6.90,Accessories,Unknown,https://ca.store.ui.com/ca/en/products/uacc-cable-patch-2m-w,Exact,2026-08-19T17:31:41+00:00
UACC-Cable-Patch-2M-W-10,uacc-cable-patch-2m-w-10,65.00,Accessories,Unknown,https://ca.store.ui.com/ca/en/products/uacc-cable-patch-2m-w-10,Exact,2026-08-19T17:31:41+00:00
UACC-Cable-Patch-2M-W-24,uacc-cable-patch-2m-w-24,135.00,Accessories,Unknown,https://ca.store.ui.com/ca/en/products/uacc-cable-patch-2m-w-24,Exact,2026-08-19T17:31:41+00:00
UACC-Cable-Patch-3M-BK,uacc-cable-patch-3m-bk,8.30,Accessories,Unknown,https://ca.store.ui.com/ca/en/products/uacc-cable-patch-3m-bk,Exact,2026-08-19T17:31:41+00:00
UACC-Cable-Patch-3M-BK-10,uacc-cable-patch-3m-bk-10,75.00,Accessories,Unknown,https://ca.store.ui.com/ca/en/products/uacc-cable-patch-3m-bk-10,Exact,2026-08-19T17:31:41+00:00
UACC-Cable-Patch-3M-BL,uacc-cable-patch-3m-bl,8.30,Accessories,Unknown,https://ca.store.ui.com/ca/en/products/uacc-cable-patch-3m-bl,Exact,2026-08-19T17:31:41+00:00
UACC-Cable-Patch-3M-BL-10,uacc-cable-patch-3m-bl-10,75.00,Accessories,Unknown,https://ca.store.ui.com/ca/en/products/uacc-cable-patch-3m-bl-10,Exact,2026-08-19T17:31:41+00:00
UACC-Cable-Patch-3M-W,uacc-cable-patch-3m-w,8.30,Accessories,Unknown,https://ca.store.ui.com/ca/en/products/uacc-cable-patch-3m-w,Exact,2026-08-19T17:31:41+00:00
UACC-Cable-Patch-3M-W-10,uacc-cable-patch-3m-w-10,75.00,Accessories,Unknown,https://ca.store.ui.com/ca/en/products/uacc-cable-patch-3m-w-10,Exact,2026-08-19T17:31:41+00:00
UACC-Cable-Patch-5M-BK,uacc-cable-patch-5m-bk,10.00,Accessories,Unknown,https://ca.store.ui.com/ca/en/products/uacc-cable-patch-5m-bk,Exact,2026-08-19T17:31:41+00:00
UACC-Cable-Patch-5M-BL,uacc-cable-patch-5m-bl,10.00,Accessories,Unknown,https://ca.store.ui.com/ca/en/products/uacc-cable-patch-5m-bl,Exact,2026-08-19T17:31:41+00:00
UACC-Cable-Patch-5M-W,uacc-cable-patch-5m-w,10.00,Accessories,Unknown,https://ca.store.ui.com/ca/en/products/uacc-cable-patch-5m-w,Exact,2026-08-19T17:31:41+00:00
UACC-Cable-Patch-8M-BK,uacc-cable-patch-8m-bk,13.00,Accessories,Unknown,https://ca.store.ui.com/ca/en/products/uacc-cable-patch-8m-bk,Exact,2026-08-19T17:31:41+00:00
UACC-Cable-Patch-8M-BL,uacc-cable-patch-8m-bl,13.00,Accessories,Unknown,https://ca.store.ui.com/ca/en/products/uacc-cable-patch-8m-bl,Exact,2026-08-19T17:31:41+00:00
UACC-Cable-Patch-8M-W,uacc-cable-patch-8m-w,13.00,Accessories,Unknown,https://ca.store.ui.com/ca/en/products/uacc-cable-patch-8m-w,Exact,2026-08-19T17:31:41+00:00
UACC-Cable-Patch-EL-0.15M-W,uacc-cable-patch-el-0dot15m-w,5.50,Accessories,Unknown,https://ca.store.ui.com/ca/en/products/uacc-cable-patch-el-0dot15m-w,Exact,2026-08-19T17:31:41+00:00
UACC-Cable-Patch-EL-0.15M-W-24,uacc-cable-patch-el-0dot15m-w-24,115.00,Accessories,Unknown,https://ca.store.ui.com/ca/en/products/uacc-cable-patch-el-0dot15m-w-24,Exact,2026-08-19T17:31:41+00:00
UACC-Cable-Patch-EL-0.3M-W,uacc-cable-patch-el-0dot3m-w,6.50,Accessories,Unknown,https://ca.store.ui.com/ca/en/products/uacc-cable-patch-el-0dot3m-w,Exact,2026-08-19T17:31:41+00:00
UACC-Cable-Patch-EL-12M-W,uacc-cable-patch-el-12m-w,30.00,Accessories,Unknown,https://ca.store.ui.com/ca/en/products/uacc-cable-patch-el-12m-w,Exact,2026-08-19T17:31:41+00:00
UACC-Cable-Patch-EL-15M-W,uacc-cable-patch-el-15m-w,35.00,Accessories,Unknown,https://ca.store.ui.com/ca/en/products/uacc-cable-patch-el-15m-w,Exact,2026-08-19T17:31:41+00:00
UACC-Cable-Patch-EL-1M-W,uacc-cable-patch-el-1m-w,8.00,Accessories,Unknown,https://ca.store.ui.com/ca/en/products/uacc-cable-patch-el-1m-w,Exact,2026-08-19T17:31:41+00:00
UACC-Cable-Patch-EL-2M-W,uacc-cable-patch-el-2m-w,9.50,Accessories,Unknown,https://ca.store.ui.com/ca/en/products/uacc-cable-patch-el-2m-w,Exact,2026-08-19T17:31:41+00:00
UACC-Cable-Patch-EL-3M-W,uacc-cable-patch-el-3m-w,12.00,Accessories,Unknown,https://ca.store.ui.com/ca/en/products/uacc-cable-patch-el-3m-w,Exact,2026-08-19T17:31:41+00:00
UACC-Cable-Patch-EL-5M-W,uacc-cable-patch-el-5m-w,16.00,Accessories,Unknown,https://ca.store.ui.com/ca/en/products/uacc-cable-patch-el-5m-w,Exact,2026-08-19T17:31:41+00:00
UACC-Cable-Patch-EL-8M-W,uacc-cable-patch-el-8m-w,20.00,Accessories,Unknown,https://ca.store.ui.com/ca/en/products/uacc-cable-patch-el-8m-w,Exact,2026-08-19T17:31:41+00:00
UACC-Cable-Patch-EL-C6A-0.15M-W,uacc-cable-patch-el-c6a-0dot15m-w,7.00,Accessories,Unknown,https://ca.store.ui.com/ca/en/products/uacc-cable-patch-el-c6a-0dot15m-w,Exact,2026-08-19T17:31:41+00:00
UACC-Cable-Patch-EL-C6A-0.15M-W-10,uacc-cable-patch-el-c6a-0dot15m-w-10,65.00,Accessories,Unknown,https://ca.store.ui.com/ca/en/products/uacc-cable-patch-el-c6a-0dot15m-w-10,Exact,2026-08-19T17:31:41+00:00
UACC-Cable-Patch-EL-C6A-0.15M-W-24,uacc-cable-patch-el-c6a-0dot15m-w-24,140.00,Accessories,Unknown,https://ca.store.ui.com/ca/en/products/uacc-cable-patch-el-c6a-0dot15m-w-24,Exact,2026-08-19T17:31:41+00:00
UACC-Cable-Patch-EL-C6A-0.15M-W-50,uacc-cable-patch-el-c6a-0dot15m-w-50,270.00,Accessories,Unknown,https://ca.store.ui.com/ca/en/products/uacc-cable-patch-el-c6a-0dot15m-w-50,Exact,2026-08-19T17:31:41+00:00
UACC-Cable-Patch-EL-C6A-0.3M-W,uacc-cable-patch-el-c6a-0dot3m-w,8.00,Accessories,Unknown,https://ca.store.ui.com/ca/en/products/uacc-cable-patch-el-c6a-0dot3m-w,Exact,2026-08-19T17:31:41+00:00
UACC-Cable-Patch-EL-C6A-0.3M-W-10,uacc-cable-patch-el-c6a-0dot3m-w-10,79.00,Accessories,Unknown,https://ca.store.ui.com/ca/en/products/uacc-cable-patch-el-c6a-0dot3m-w-10,Exact,2026-08-19T17:31:41+00:00
UACC-Cable-Patch-EL-C6A-0.3M-W-24,uacc-cable-patch-el-c6a-0dot3m-w-24,170.00,Accessories,Unknown,https://ca.store.ui.com/ca/en/products/uacc-cable-patch-el-c6a-0dot3m-w-24,Exact,2026-08-19T17:31:41+00:00
UACC-Cable-Patch-EL-C6A-0.3M-W-50,uacc-cable-patch-el-c6a-0dot3m-w-50,329.00,Accessories,Unknown,https://ca.store.ui.com/ca/en/products/uacc-cable-patch-el-c6a-0dot3m-w-50,Exact,2026-08-19T17:31:41+00:00
UACC-Cable-Patch-EL-C6A-12M-W,uacc-cable-patch-el-c6a-12m-w,38.00,Accessories,Unknown,https://ca.store.ui.com/ca/en/products/uacc-cable-patch-el-c6a-12m-w,Exact,2026-08-19T17:31:41+00:00
UACC-Cable-Patch-EL-C6A-15M-W,uacc-cable-patch-el-c6a-15m-w,45.00,Accessories,Unknown,https://ca.store.ui.com/ca/en/products/uacc-cable-patch-el-c6a-15m-w,Exact,2026-08-19T17:31:41+00:00
UACC-Cable-Patch-EL-C6A-1M-W,uacc-cable-patch-el-c6a-1m-w,9.50,Accessories,Unknown,https://ca.store.ui.com/ca/en/products/uacc-cable-patch-el-c6a-1m-w,Exact,2026-08-19T17:31:41+00:00
UACC-Cable-Patch-EL-C6A-1M-W-10,uacc-cable-patch-el-c6a-1m-w-10,95.00,Accessories,Unknown,https://ca.store.ui.com/ca/en/products/uacc-cable-patch-el-c6a-1m-w-10,Exact,2026-08-19T17:31:41+00:00
UACC-Cable-Patch-EL-C6A-1M-W-24,uacc-cable-patch-el-c6a-1m-w-24,199.00,Accessories,Unknown,https://ca.store.ui.com/ca/en/products/uacc-cable-patch-el-c6a-1m-w-24,Exact,2026-08-19T17:31:41+00:00
UACC-Cable-Patch-EL-C6A-2M-W,uacc-cable-patch-el-c6a-2m-w,10.00,Accessories,Unknown,https://ca.store.ui.com/ca/en/products/uacc-cable-patch-el-c6a-2m-w,Exact,2026-08-19T17:31:41+00:00
UACC-Cable-Patch-EL-C6A-2M-W-10,uacc-cable-patch-el-c6a-2m-w-10,109.00,Accessories,Unknown,https://ca.store.ui.com/ca/en/products/uacc-cable-patch-el-c6a-2m-w-10,Exact,2026-08-19T17:31:41+00:00
UACC-Cable-Patch-EL-C6A-2M-W-24,uacc-cable-patch-el-c6a-2m-w-24,229.00,Accessories,Unknown,https://ca.store.ui.com/ca/en/products/uacc-cable-patch-el-c6a-2m-w-24,Exact,2026-08-19T17:31:41+00:00
UACC-Cable-Patch-EL-C6A-3M-W,uacc-cable-patch-el-c6a-3m-w,13.50,Accessories,Unknown,https://ca.store.ui.com/ca/en/products/uacc-cable-patch-el-c6a-3m-w,Exact,2026-08-19T17:31:41+00:00
UACC-Cable-Patch-EL-C6A-3M-W-10,uacc-cable-patch-el-c6a-3m-w-10,135.00,Accessories,Unknown,https://ca.store.ui.com/ca/en/products/uacc-cable-patch-el-c6a-3m-w-10,Exact,2026-08-19T17:31:41+00:00
UACC-Cable-Patch-EL-C6A-5M-W,uacc-cable-patch-el-c6a-5m-w,18.00,Accessories,Unknown,https://ca.store.ui.com/ca/en/products/uacc-cable-patch-el-c6a-5m-w,Exact,2026-08-19T17:31:41+00:00
UACC-Cable-Patch-EL-C6A-8M-W,uacc-cable-patch-el-c6a-8m-w,25.00,Accessories,Unknown,https://ca.store.ui.com/ca/en/products/uacc-cable-patch-el-c6a-8m-w,Exact,2026-08-19T17:31:41+00:00
UACC-Cable-Patch-Outdoor-1M-BK,uacc-cable-patch-outdoor-1m-bk,5.50,Accessories,Unknown,https://ca.store.ui.com/ca/en/products/uacc-cable-patch-outdoor-1m-bk,Exact,2026-08-19T17:31:41+00:00
UACC-Cable-Patch-Outdoor-1M-W,uacc-cable-patch-outdoor-1m-w,5.50,Accessories,Unknown,https://ca.store.ui.com/ca/en/products/uacc-cable-patch-outdoor-1m-w,Exact,2026-08-19T17:31:41+00:00
UACC-Cable-Patch-Outdoor-2M-BK,uacc-cable-patch-outdoor-2m-bk,7.00,Accessories,Unknown,https://ca.store.ui.com/ca/en/products/uacc-cable-patch-outdoor-2m-bk,Exact,2026-08-19T17:31:41+00:00
UACC-Cable-Patch-Outdoor-2M-W,uacc-cable-patch-outdoor-2m-w,7.00,Accessories,Unknown,https://ca.store.ui.com/ca/en/products/uacc-cable-patch-outdoor-2m-w,Exact,2026-08-19T17:31:41+00:00
UACC-Cable-Patch-Outdoor-3M-BK,uacc-cable-patch-outdoor-3m-bk,8.00,Accessories,Unknown,https://ca.store.ui.com/ca/en/products/uacc-cable-patch-outdoor-3m-bk,Exact,2026-08-19T17:31:41+00:00
UACC-Cable-Patch-Outdoor-3M-W,uacc-cable-patch-outdoor-3m-w,8.00,Accessories,Unknown,https://ca.store.ui.com/ca/en/products/uacc-cable-patch-outdoor-3m-w,Exact,2026-08-19T17:31:41+00:00
UACC-Cable-Patch-Outdoor-5M-BK,uacc-cable-patch-outdoor-5m-bk,10.00,Accessories,Unknown,https://ca.store.ui.com/ca/en/products/uacc-cable-patch-outdoor-5m-bk,Exact,2026-08-19T17:31:41+00:00
UACC-Cable-Patch-Outdoor-5M-W,uacc-cable-patch-outdoor-5m-w,10.00,Accessories,Unknown,https://ca.store.ui.com/ca/en/products/uacc-cable-patch-outdoor-5m-w,Exact,2026-08-19T17:31:41+00:00
UACC-Cable-Patch-Outdoor-8M-BK,uacc-cable-patch-outdoor-8m-bk,15.00,Accessories,Unknown,https://ca.store.ui.com/ca/en/products/uacc-cable-patch-outdoor-8m-bk,Exact,2026-08-19T17:31:41+00:00
UACC-Cable-Patch-Outdoor-8M-W,uacc-cable-patch-outdoor-8m-w,15.00,Accessories,Unknown,https://ca.store.ui.com/ca/en/products/uacc-cable-patch-outdoor-8m-w,Exact,2026-08-19T17:31:41+00:00
UACC-Cable-Patch-Outdoor-C6A-12M-BK,uacc-cable-patch-outdoor-c6a-12m-bk,43.00,Accessories,Unknown,https://ca.store.ui.com/ca/en/products/uacc-cable-patch-outdoor-c6a-12m-bk,Exact,2026-08-19T17:31:41+00:00
UACC-Cable-Patch-Outdoor-C6A-12M-W,uacc-cable-patch-outdoor-c6a-12m-w,43.00,Accessories,Unknown,https://ca.store.ui.com/ca/en/products/uacc-cable-patch-outdoor-c6a-12m-w,Exact,2026-08-19T17:31:41+00:00
UACC-Cable-Patch-Outdoor-C6A-15M-BK,uacc-cable-patch-outdoor-c6a-15m-bk,50.00,Accessories,Unknown,https://ca.store.ui.com/ca/en/products/uacc-cable-patch-outdoor-c6a-15m-bk,Exact,2026-08-19T17:31:41+00:00
UACC-Cable-Patch-Outdoor-C6A-15M-W,uacc-cable-patch-outdoor-c6a-15m-w,50.00,Accessories,Unknown,https://ca.store.ui.com/ca/en/products/uacc-cable-patch-outdoor-c6a-15m-w,Exact,2026-08-19T17:31:41+00:00
UACC-Cable-Patch-Outdoor-C6A-1M-BK,uacc-cable-patch-outdoor-c6a-1m-bk,13.00,Accessories,Unknown,https://ca.store.ui.com/ca/en/products/uacc-cable-patch-outdoor-c6a-1m-bk,Exact,2026-08-19T17:31:41+00:00
UACC-Cable-Patch-Outdoor-C6A-1M-W,uacc-cable-patch-outdoor-c6a-1m-w,13.00,Accessories,Unknown,https://ca.store.ui.com/ca/en/products/uacc-cable-patch-outdoor-c6a-1m-w,Exact,2026-08-19T17:31:41+00:00
UACC-Cable-Patch-Outdoor-C6A-2M-BK,uacc-cable-patch-outdoor-c6a-2m-bk,14.50,Accessories,Unknown,https://ca.store.ui.com/ca/en/products/uacc-cable-patch-outdoor-c6a-2m-bk,Exact,2026-08-19T17:31:41+00:00
UACC-Cable-Patch-Outdoor-C6A-2M-W,uacc-cable-patch-outdoor-c6a-2m-w,14.50,Accessories,Unknown,https://ca.store.ui.com/ca/en/products/uacc-cable-patch-outdoor-c6a-2m-w,Exact,2026-08-19T17:31:41+00:00
UACC-Cable-Patch-Outdoor-C6A-3M-BK,uacc-cable-patch-outdoor-c6a-3m-bk,17.00,Accessories,Unknown,https://ca.store.ui.com/ca/en/products/uacc-cable-patch-outdoor-c6a-3m-bk,Exact,2026-08-19T17:31:41+00:00
UACC-Cable-Patch-Outdoor-C6A-3M-W,uacc-cable-patch-outdoor-c6a-3m-w,17.00,Accessories,Unknown,https://ca.store.ui.com/ca/en/products/uacc-cable-patch-outdoor-c6a-3m-w,Exact,2026-08-19T17:31:41+00:00
UACC-Cable-Patch-Outdoor-C6A-5M-BK,uacc-cable-patch-outdoor-c6a-5m-bk,21.00,Accessories,Unknown,https://ca.store.ui.com/ca/en/products/uacc-cable-patch-outdoor-c6a-5m-bk,Exact,2026-08-19T17:31:41+00:00
UACC-Cable-Patch-Outdoor-C6A-5M-W,uacc-cable-patch-outdoor-c6a-5m-w,21.00,Accessories,Unknown,https://ca.store.ui.com/ca/en/products/uacc-cable-patch-outdoor-c6a-5m-w,Exact,2026-08-19T17:31:41+00:00
UACC-Cable-Patch-Outdoor-C6A-8M-BK,uacc-cable-patch-outdoor-c6a-8m-bk,28.00,Accessories,Unknown,https://ca.store.ui.com/ca/en/products/uacc-cable-patch-outdoor-c6a-8m-bk,Exact,2026-08-19T17:31:41+00:00
UACC-Cable-Patch-Outdoor-C6A-8M-W,uacc-cable-patch-outdoor-c6a-8m-w,28.00,Accessories,Unknown,https://ca.store.ui.com/ca/en/products/uacc-cable-patch-outdoor-c6a-8m-w,Exact,2026-08-19T17:31:41+00:00
UACC-Cable-UHS-1M,uacc-cable-uhs-1m,25.00,Accessories,Unknown,https://ca.store.ui.com/ca/en/products/uacc-cable-uhs-1m,Exact,2026-08-19T17:31:41+00:00
UACC-Cable-UHS-2M,uacc-cable-uhs-2m,41.00,Accessories,Unknown,https://ca.store.ui.com/ca/en/products/uacc-cable-uhs-2m,Exact,2026-08-19T17:31:41+00:00
UACC-Cable-UHS-5M,uacc-cable-uhs-5m,70.00,Accessories,Unknown,https://ca.store.ui.com/ca/en/products/uacc-cable-uhs-5m,Exact,2026-08-19T17:31:41+00:00
UACC-Cable-USB-100W-0.3M-BK,uacc-cable-usb-100w-0dot3m-bk,25.00,Accessories,Unknown,https://ca.store.ui.com/ca/en/products/uacc-cable-usb-100w-0dot3m-bk,Exact,2026-08-19T17:31:41+00:00
UACC-Cable-USB-100W-1M-BK,uacc-cable-usb-100w-1m-bk,35.00,Accessories,Unknown,https://ca.store.ui.com/ca/en/products/uacc-cable-usb-100w-1m-bk,Exact,2026-08-19T17:31:41+00:00
UACC-Cable-USB-100W-2M-BK,uacc-cable-usb-100w-2m-bk,39.00,Accessories,Unknown,https://ca.store.ui.com/ca/en/products/uacc-cable-usb-100w-2m-bk,Exact,2026-08-19T17:31:41+00:00
UACC-CM-RJ45-1G,uacc-cm-rj45-1g,25.00,Accessories,Unknown,https://ca.store.ui.com/ca/en/products/uacc-cm-rj45-1g,Exact,2026-08-19T17:31:41+00:00
UACC-CRB,uacc-crb,35.00,Accessories,Unknown,https://ca.store.ui.com/ca/en/products/uacc-crb,Exact,2026-08-19T17:31:41+00:00
UACC-CRE,uacc-cre,29.00,Accessories,Unknown,https://ca.store.ui.com/ca/en/products/uacc-cre,Exact,2026-08-19T17:31:41+00:00
UACC-CRS,uacc-crs,35.00,Accessories,Unknown,https://ca.store.ui.com/ca/en/products/uacc-crs,Exact,2026-08-19T17:31:41+00:00
UACC-DAC-QSFP28-0.5M,uacc-dac-qsfp28-0dot5m,46.00,Accessories,Unknown,https://ca.store.ui.com/ca/en/products/uacc-dac-qsfp28-0dot5m,Exact,2026-08-19T17:31:41+00:00
UACC-DAC-QSFP28-0.5M-10,uacc-dac-qsfp28-0dot5m-10,415.00,Accessories,Unknown,https://ca.store.ui.com/ca/en/products/uacc-dac-qsfp28-0dot5m-10,Exact,2026-08-19T17:31:41+00:00
UACC-DAC-QSFP28-1M,uacc-dac-qsfp28-1m,55.00,Accessories,Unknown,https://ca.store.ui.com/ca/en/products/uacc-dac-qsfp28-1m,Exact,2026-08-19T17:31:41+00:00
UACC-DAC-QSFP28-1M-10,uacc-dac-qsfp28-1m-10,459.00,Accessories,Unknown,https://ca.store.ui.com/ca/en/products/uacc-dac-qsfp28-1m-10,Exact,2026-08-19T17:31:41+00:00
UACC-DAC-QSFP28-3M,uacc-dac-qsfp28-3m,75.00,Accessories,Unknown,https://ca.store.ui.com/ca/en/products/uacc-dac-qsfp28-3m,Exact,2026-08-19T17:31:41+00:00
UACC-DAC-SFP10-0.5M,uacc-dac-sfp10-0dot5m,19.00,Accessories,Unknown,https://ca.store.ui.com/ca/en/products/uacc-dac-sfp10-0dot5m,Exact,2026-08-19T17:31:41+00:00
UACC-DAC-SFP10-1M,uacc-dac-sfp10-1m,20.00,Accessories,Unknown,https://ca.store.ui.com/ca/en/products/uacc-dac-sfp10-1m,Exact,2026-08-19T17:31:41+00:00
UACC-DAC-SFP10-3M,uacc-dac-sfp10-3m,29.00,Accessories,Unknown,https://ca.store.ui.com/ca/en/products/uacc-dac-sfp10-3m,Exact,2026-08-19T17:31:41+00:00
UACC-DAC-SFP28-0.5M,uacc-dac-sfp28-0dot5m,31.00,Accessories,Unknown,https://ca.store.ui.com/ca/en/products/uacc-dac-sfp28-0dot5m,Exact,2026-08-19T17:31:41+00:00
UACC-DAC-SFP28-1M,uacc-dac-sfp28-1m,35.00,Accessories,Unknown,https://ca.store.ui.com/ca/en/products/uacc-dac-sfp28-1m,Exact,2026-08-19T17:31:41+00:00
UACC-DAC-SFP28-3M,uacc-dac-sfp28-3m,55.00,Accessories,Unknown,https://ca.store.ui.com/ca/en/products/uacc-dac-sfp28-3m,Exact,2026-08-19T17:31:41+00:00
UACC-Display21-SM,uacc-display21-sm,175.00,Accessories,Unknown,https://ca.store.ui.com/ca/en/products/uacc-display21-sm,Exact,2026-08-19T17:31:41+00:00
UACC-Display21-TS,uacc-display21-ts,215.00,Accessories,Unknown,https://ca.store.ui.com/ca/en/products/uacc-display21-ts,Exact,2026-08-19T17:31:41+00:00
UACC-Fan-F2B-4020,uacc-fan-f2b-4020,99.00,Accessories,Unknown,https://ca.store.ui.com/ca/en/products/uacc-fan-f2b-4020,Exact,2026-08-19T17:31:41+00:00
UACC-MSD-128GB,uacc-msd-128gb,99.00,Accessories,Unknown,https://ca.store.ui.com/ca/en/products/uacc-msd-128gb,Exact,2026-08-19T17:31:41+00:00
UACC-MSD-1TB,uacc-msd-1tb,515.00,Accessories,Unknown,https://ca.store.ui.com/ca/en/products/uacc-msd-1tb,Exact,2026-08-19T17:31:41+00:00
UACC-MSD-256GB,uacc-msd-256gb,170.00,Accessories,Unknown,https://ca.store.ui.com/ca/en/products/uacc-msd-256gb,Exact,2026-08-19T17:31:41+00:00
UACC-MSD-512GB,uacc-msd-512gb,285.00,Accessories,Unknown,https://ca.store.ui.com/ca/en/products/uacc-msd-512gb,Exact,2026-08-19T17:31:41+00:00
UACC-OFC-M2-LULU-0.5M,uacc-ofc-m2-lulu-0dot5m,6.50,Accessories,Unknown,https://ca.store.ui.com/ca/en/products/uacc-ofc-m2-lulu-0dot5m,Exact,2026-08-19T17:31:41+00:00
UACC-OFC-M2-LULU-0.5M-50,uacc-ofc-m2-lulu-0dot5m-50,240.00,Accessories,Unknown,https://ca.store.ui.com/ca/en/products/uacc-ofc-m2-lulu-0dot5m-50,Exact,2026-08-19T17:31:41+00:00
UACC-OFC-M2-LULU-10M,uacc-ofc-m2-lulu-10m,18.00,Accessories,Unknown,https://ca.store.ui.com/ca/en/products/uacc-ofc-m2-lulu-10m,Exact,2026-08-19T17:31:41+00:00
UACC-OFC-M2-LULU-15M,uacc-ofc-m2-lulu-15m,27.00,Accessories,Unknown,https://ca.store.ui.com/ca/en/products/uacc-ofc-m2-lulu-15m,Exact,2026-08-19T17:31:41+00:00
UACC-OFC-M2-LULU-1M,uacc-ofc-m2-lulu-1m,6.80,Accessories,Unknown,https://ca.store.ui.com/ca/en/products/uacc-ofc-m2-lulu-1m,Exact,2026-08-19T17:31:41+00:00
UACC-OFC-M2-LULU-1M-50,uacc-ofc-m2-lulu-1m-50,255.00,Accessories,Unknown,https://ca.store.ui.com/ca/en/products/uacc-ofc-m2-lulu-1m-50,Exact,2026-08-19T17:31:41+00:00
UACC-OFC-M2-LULU-30M,uacc-ofc-m2-lulu-30m,40.00,Accessories,Unknown,https://ca.store.ui.com/ca/en/products/uacc-ofc-m2-lulu-30m,Exact,2026-08-19T17:31:41+00:00
UACC-OFC-M2-LULU-3M,uacc-ofc-m2-lulu-3m,9.50,Accessories,Unknown,https://ca.store.ui.com/ca/en/products/uacc-ofc-m2-lulu-3m,Exact,2026-08-19T17:31:41+00:00
UACC-OFC-M2-LULU-3M-50,uacc-ofc-m2-lulu-3m-50,385.00,Accessories,Unknown,https://ca.store.ui.com/ca/en/products/uacc-ofc-m2-lulu-3m-50,Exact,2026-08-19T17:31:41+00:00
UACC-OFC-M2-LULU-5M,uacc-ofc-m2-lulu-5m,12.00,Accessories,Unknown,https://ca.store.ui.com/ca/en/products/uacc-ofc-m2-lulu-5m,Exact,2026-08-19T17:31:41+00:00
UACC-OFC-MA-MPMP-0.5M,uacc-ofc-ma-mpmp-0dot5m,60.00,Accessories,Unknown,https://ca.store.ui.com/ca/en/products/uacc-ofc-ma-mpmp-0dot5m,Exact,2026-08-19T17:31:41+00:00
UACC-OFC-MA-MPMP-0.5M-10,uacc-ofc-ma-mpmp-0dot5m-10,570.00,Accessories,Unknown,https://ca.store.ui.com/ca/en/products/uacc-ofc-ma-mpmp-0dot5m-10,Exact,2026-08-19T17:31:41+00:00
UACC-OFC-MA-MPMP-100M,uacc-ofc-ma-mpmp-100m,715.00,Accessories,Unknown,https://ca.store.ui.com/ca/en/products/uacc-ofc-ma-mpmp-100m,Exact,2026-08-19T17:31:41+00:00
UACC-OFC-MA-MPMP-10M,uacc-ofc-ma-mpmp-10m,155.00,Accessories,Unknown,https://ca.store.ui.com/ca/en/products/uacc-ofc-ma-mpmp-10m,Exact,2026-08-19T17:31:41+00:00
UACC-OFC-MA-MPMP-15M,uacc-ofc-ma-mpmp-15m,215.00,Accessories,Unknown,https://ca.store.ui.com/ca/en/products/uacc-ofc-ma-mpmp-15m,Exact,2026-08-19T17:31:41+00:00
UACC-OFC-MA-MPMP-1M,uacc-ofc-ma-mpmp-1m,65.00,Accessories,Unknown,https://ca.store.ui.com/ca/en/products/uacc-ofc-ma-mpmp-1m,Exact,2026-08-19T17:31:41+00:00
UACC-OFC-MA-MPMP-1M-10,uacc-ofc-ma-mpmp-1m-10,585.00,Accessories,Unknown,https://ca.store.ui.com/ca/en/products/uacc-ofc-ma-mpmp-1m-10,Exact,2026-08-19T17:31:41+00:00
UACC-OFC-MA-MPMP-30M,uacc-ofc-ma-mpmp-30m,285.00,Accessories,Unknown,https://ca.store.ui.com/ca/en/products/uacc-ofc-ma-mpmp-30m,Exact,2026-08-19T17:31:41+00:00
UACC-OFC-MA-MPMP-3M,uacc-ofc-ma-mpmp-3m,85.00,Accessories,Unknown,https://ca.store.ui.com/ca/en/products/uacc-ofc-ma-mpmp-3m,Exact,2026-08-19T17:31:41+00:00
UACC-OFC-MA-MPMP-3M-10,uacc-ofc-ma-mpmp-3m-10,815.00,Accessories,Unknown,https://ca.store.ui.com/ca/en/products/uacc-ofc-ma-mpmp-3m-10,Exact,2026-08-19T17:31:41+00:00
UACC-OFC-MA-MPMP-5M,uacc-ofc-ma-mpmp-5m,99.00,Accessories,Unknown,https://ca.store.ui.com/ca/en/products/uacc-ofc-ma-mpmp-5m,Exact,2026-08-19T17:31:41+00:00
UACC-OFC-MA-MPMP-60M,uacc-ofc-ma-mpmp-60m,429.00,Accessories,Unknown,https://ca.store.ui.com/ca/en/products/uacc-ofc-ma-mpmp-60m,Exact,2026-08-19T17:31:41+00:00
UACC-OFC-S2-LULU-0.5M,uacc-ofc-s2-lulu-0dot5m,6.50,Accessories,Unknown,https://ca.store.ui.com/ca/en/products/uacc-ofc-s2-lulu-0dot5m,Exact,2026-08-19T17:31:41+00:00
UACC-OFC-S2-LULU-0.5M-50,uacc-ofc-s2-lulu-0dot5m-50,240.00,Accessories,Unknown,https://ca.store.ui.com/ca/en/products/uacc-ofc-s2-lulu-0dot5m-50,Exact,2026-08-19T17:31:41+00:00
UACC-OFC-S2-LULU-10M,uacc-ofc-s2-lulu-10m,18.00,Accessories,Unknown,https://ca.store.ui.com/ca/en/products/uacc-ofc-s2-lulu-10m,Exact,2026-08-19T17:31:41+00:00
UACC-OFC-S2-LULU-15M,uacc-ofc-s2-lulu-15m,27.00,Accessories,Unknown,https://ca.store.ui.com/ca/en/products/uacc-ofc-s2-lulu-15m,Exact,2026-08-19T17:31:41+00:00
UACC-OFC-S2-LULU-1M,uacc-ofc-s2-lulu-1m,6.80,Accessories,Unknown,https://ca.store.ui.com/ca/en/products/uacc-ofc-s2-lulu-1m,Exact,2026-08-19T17:31:41+00:00
UACC-OFC-S2-LULU-1M-50,uacc-ofc-s2-lulu-1m-50,255.00,Accessories,Unknown,https://ca.store.ui.com/ca/en/products/uacc-ofc-s2-lulu-1m-50,Exact,2026-08-19T17:31:41+00:00
UACC-OFC-S2-LULU-30M,uacc-ofc-s2-lulu-30m,40.00,Accessories,Unknown,https://ca.store.ui.com/ca/en/products/uacc-ofc-s2-lulu-30m,Exact,2026-08-19T17:31:41+00:00
UACC-OFC-S2-LULU-3M,uacc-ofc-s2-lulu-3m,9.50,Accessories,Unknown,https://ca.store.ui.com/ca/en/products/uacc-ofc-s2-lulu-3m,Exact,2026-08-19T17:31:41+00:00
UACC-OFC-S2-LULU-3M-50,uacc-ofc-s2-lulu-3m-50,385.00,Accessories,Unknown,https://ca.store.ui.com/ca/en/products/uacc-ofc-s2-lulu-3m-50,Exact,2026-08-19T17:31:41+00:00
UACC-OFC-S2-LULU-5M,uacc-ofc-s2-lulu-5m,12.00,Accessories,Unknown,https://ca.store.ui.com/ca/en/products/uacc-ofc-s2-lulu-5m,Exact,2026-08-19T17:31:41+00:00
UACC-OFC-SA-MPMP-0.5M,uacc-ofc-sa-mpmp-0dot5m,95.00,Accessories,Unknown,https://ca.store.ui.com/ca/en/products/uacc-ofc-sa-mpmp-0dot5m,Exact,2026-08-19T17:31:41+00:00
UACC-OFC-SA-MPMP-0.5M-10,uacc-ofc-sa-mpmp-0dot5m-10,845.00,Accessories,Unknown,https://ca.store.ui.com/ca/en/products/uacc-ofc-sa-mpmp-0dot5m-10,Exact,2026-08-19T17:31:41+00:00
UACC-OFC-SA-MPMP-10M,uacc-ofc-sa-mpmp-10m,115.00,Accessories,Unknown,https://ca.store.ui.com/ca/en/products/uacc-ofc-sa-mpmp-10m,Exact,2026-08-19T17:31:41+00:00
UACC-OFC-SA-MPMP-1M,uacc-ofc-sa-mpmp-1m,90.00,Accessories,Unknown,https://ca.store.ui.com/ca/en/products/uacc-ofc-sa-mpmp-1m,Exact,2026-08-19T17:31:41+00:00
UACC-OFC-SA-MPMP-1M-10,uacc-ofc-sa-mpmp-1m-10,859.00,Accessories,Unknown,https://ca.store.ui.com/ca/en/products/uacc-ofc-sa-mpmp-1m-10,Exact,2026-08-19T17:31:41+00:00
UACC-OFC-SA-MPMP-3M,uacc-ofc-sa-mpmp-3m,99.00,Accessories,Unknown,https://ca.store.ui.com/ca/en/products/uacc-ofc-sa-mpmp-3m,Exact,2026-08-19T17:31:41+00:00
UACC-OFC-SA-MPMP-3M-10,uacc-ofc-sa-mpmp-3m-10,875.00,Accessories,Unknown,https://ca.store.ui.com/ca/en/products/uacc-ofc-sa-mpmp-3m-10,Exact,2026-08-19T17:31:41+00:00
UACC-OFC-SA-MPMP-5M,uacc-ofc-sa-mpmp-5m,105.00,Accessories,Unknown,https://ca.store.ui.com/ca/en/products/uacc-ofc-sa-mpmp-5m,Exact,2026-08-19T17:31:41+00:00
UACC-OM-MM-10G-D,uacc-om-mm-10g-d,28.00,Accessories,Unknown,https://ca.store.ui.com/ca/en/products/uacc-om-mm-10g-d,Exact,2026-08-19T17:31:41+00:00
UACC-OM-MM-10G-D-2,uacc-om-mm-10g-d-2,50.00,Accessories,Unknown,https://ca.store.ui.com/ca/en/products/uacc-om-mm-10g-d-2,Exact,2026-08-19T17:31:41+00:00
UACC-OM-MM-10G-D-20,uacc-om-mm-10g-d-20,515.00,Accessories,Unknown,https://ca.store.ui.com/ca/en/products/uacc-om-mm-10g-d-20,Exact,2026-08-19T17:31:41+00:00
UACC-OM-MM-1G-D-2,uacc-om-mm-1g-d-2,23.00,Accessories,Unknown,https://ca.store.ui.com/ca/en/products/uacc-om-mm-1g-d-2,Exact,2026-08-19T17:31:41+00:00
UACC-OM-MM-1G-D-20,uacc-om-mm-1g-d-20,215.00,Accessories,Unknown,https://ca.store.ui.com/ca/en/products/uacc-om-mm-1g-d-20,Exact,2026-08-19T17:31:41+00:00
UACC-OM-SFP10-1270,uacc-om-sfp10-1270,135.00,Accessories,Unknown,https://ca.store.ui.com/ca/en/products/uacc-om-sfp10-1270,Exact,2026-08-19T17:31:41+00:00
UACC-OM-SFP10-1290,uacc-om-sfp10-1290,135.00,Accessories,Unknown,https://ca.store.ui.com/ca/en/products/uacc-om-sfp10-1290,Exact,2026-08-19T17:31:41+00:00
UACC-OM-SFP10-1310,uacc-om-sfp10-1310,135.00,Accessories,Unknown,https://ca.store.ui.com/ca/en/products/uacc-om-sfp10-1310,Exact,2026-08-19T17:31:41+00:00
UACC-OM-SFP10-1330,uacc-om-sfp10-1330,135.00,Accessories,Unknown,https://ca.store.ui.com/ca/en/products/uacc-om-sfp10-1330,Exact,2026-08-19T17:31:41+00:00
UACC-OM-SFP10-1450,uacc-om-sfp10-1450,215.00,Accessories,Unknown,https://ca.store.ui.com/ca/en/products/uacc-om-sfp10-1450,Exact,2026-08-19T17:31:41+00:00
UACC-OM-SFP10-1470,uacc-om-sfp10-1470,215.00,Accessories,Unknown,https://ca.store.ui.com/ca/en/products/uacc-om-sfp10-1470,Exact,2026-08-19T17:31:41+00:00
UACC-OM-SFP10-1490,uacc-om-sfp10-1490,215.00,Accessories,Unknown,https://ca.store.ui.com/ca/en/products/uacc-om-sfp10-1490,Exact,2026-08-19T17:31:41+00:00
UACC-OM-SFP10-1510,uacc-om-sfp10-1510,215.00,Accessories,Unknown,https://ca.store.ui.com/ca/en/products/uacc-om-sfp10-1510,Exact,2026-08-19T17:31:41+00:00
UACC-OM-SFP10-1530,uacc-om-sfp10-1530,215.00,Accessories,Unknown,https://ca.store.ui.com/ca/en/products/uacc-om-sfp10-1530,Exact,2026-08-19T17:31:41+00:00
UACC-OM-SFP10-1550,uacc-om-sfp10-1550,215.00,Accessories,Unknown,https://ca.store.ui.com/ca/en/products/uacc-om-sfp10-1550,Exact,2026-08-19T17:31:41+00:00
UACC-OM-SFP10-1570,uacc-om-sfp10-1570,215.00,Accessories,Unknown,https://ca.store.ui.com/ca/en/products/uacc-om-sfp10-1570,Exact,2026-08-19T17:31:41+00:00
UACC-OM-SFP10-1590,uacc-om-sfp10-1590,215.00,Accessories,Unknown,https://ca.store.ui.com/ca/en/products/uacc-om-sfp10-1590,Exact,2026-08-19T17:31:41+00:00
UACC-OM-SFP28-SR,uacc-om-sfp28-sr,65.00,Accessories,Unknown,https://ca.store.ui.com/ca/en/products/uacc-om-sfp28-sr,Exact,2026-08-19T17:31:41+00:00
UACC-OM-SM-10G-D-2,uacc-om-sm-10g-d-2,120.00,Accessories,Unknown,https://ca.store.ui.com/ca/en/products/uacc-om-sm-10g-d-2,Exact,2026-08-19T17:31:41+00:00
UACC-OM-SM-10G-D-20,uacc-om-sm-10g-d-20,1015.00,Accessories,Unknown,https://ca.store.ui.com/ca/en/products/uacc-om-sm-10g-d-20,Exact,2026-08-19T17:31:41+00:00
UACC-OM-SM-10G-S-2,uacc-om-sm-10g-s-2,230.00,Accessories,Unknown,https://ca.store.ui.com/ca/en/products/uacc-om-sm-10g-s-2,Exact,2026-08-19T17:31:41+00:00
UACC-OM-SM-10G-S-20,uacc-om-sm-10g-s-20,2080.00,Accessories,Unknown,https://ca.store.ui.com/ca/en/products/uacc-om-sm-10g-s-20,Exact,2026-08-19T17:31:41+00:00
UACC-OM-SM-1G-S-2,uacc-om-sm-1g-s-2,30.00,Accessories,Unknown,https://ca.store.ui.com/ca/en/products/uacc-om-sm-1g-s-2,Exact,2026-08-19T17:31:41+00:00
UACC-OM-SM-1G-S-20,uacc-om-sm-1g-s-20,255.00,Accessories,Unknown,https://ca.store.ui.com/ca/en/products/uacc-om-sm-1g-s-20,Exact,2026-08-19T17:31:41+00:00
UACC-PoE+-2.5G,uacc-poeplus-2dot5g,27.00,Accessories,Unknown,https://ca.store.ui.com/ca/en/products/uacc-poeplus-2dot5g,Exact,2026-08-19T17:31:41+00:00
UACC-PoE+-USBC,uacc-poeplus-usbc,70.00,Accessories,Unknown,https://ca.store.ui.com/ca/en/products/uacc-poeplus-usbc,Exact,2026-08-19T17:31:41+00:00
UACC-PoE++-10G,uacc-poeplusplus-10g,55.00,Accessories,Unknown,https://ca.store.ui.com/ca/en/products/uacc-poeplusplus-10g,Exact,2026-08-19T17:31:41+00:00
UACC-PoE+++-10G,uacc-poeplusplusplus-10g,70.00,Accessories,Unknown,https://ca.store.ui.com/ca/en/products/uacc-poeplusplusplus-10g,Exact,2026-08-19T17:31:41+00:00
UACC-Rack-Ear-1U,uacc-rack-ear-1u,13.00,Accessories,Unknown,https://ca.store.ui.com/ca/en/products/uacc-rack-ear-1u,Exact,2026-08-19T17:31:41+00:00
UACC-Rack-Ear-2U,uacc-rack-ear-2u,21.00,Accessories,Unknown,https://ca.store.ui.com/ca/en/products/uacc-rack-ear-2u,Exact,2026-08-19T17:31:41+00:00
UACC-Rack-Panel-Blank-1U,uacc-rack-panel-blank-1u,25.00,Accessories,Unknown,https://ca.store.ui.com/ca/en/products/uacc-rack-panel-blank-1u,Exact,2026-08-19T17:31:41+00:00
UACC-Rack-Panel-Blank-2U,uacc-rack-panel-blank-2u,40.00,Accessories,Unknown,https://ca.store.ui.com/ca/en/products/uacc-rack-panel-blank-2u,Exact,2026-08-19T17:31:41+00:00
UACC-Rack-Panel-Brush-1U,uacc-rack-panel-brush-1u,55.00,Accessories,Unknown,https://ca.store.ui.com/ca/en/products/uacc-rack-panel-brush-1u,Exact,2026-08-19T17:31:41+00:00
UACC-Rack-Panel-Vented-1U,uacc-rack-panel-vented-1u,40.00,Accessories,Unknown,https://ca.store.ui.com/ca/en/products/uacc-rack-panel-vented-1u,Exact,2026-08-19T17:31:41+00:00
UACC-Rack-Panel-Vented-2U,uacc-rack-panel-vented-2u,55.00,Accessories,Unknown,https://ca.store.ui.com/ca/en/products/uacc-rack-panel-vented-2u,Exact,2026-08-19T17:31:41+00:00
UACC-Uplink-SFP28-0.15M,uacc-uplink-sfp28-0dot15m,39.00,Accessories,Unknown,https://ca.store.ui.com/ca/en/products/uacc-uplink-sfp28-0dot15m,Exact,2026-08-19T17:31:41+00:00
UACC-Uplink-SFP28-0.15M-10,uacc-uplink-sfp28-0dot15m-10,355.00,Accessories,Unknown,https://ca.store.ui.com/ca/en/products/uacc-uplink-sfp28-0dot15m-10,Exact,2026-08-19T17:31:41+00:00
UACC-Uplink-SFP28-0.3M,uacc-uplink-sfp28-0dot3m,55.00,Accessories,Unknown,https://ca.store.ui.com/ca/en/products/uacc-uplink-sfp28-0dot3m,Exact,2026-08-19T17:31:41+00:00
UACC-Uplink-SFP28-30M,uacc-uplink-sfp28-30m,105.00,Accessories,Unknown,https://ca.store.ui.com/ca/en/products/uacc-uplink-sfp28-30m,Exact,2026-08-19T17:31:41+00:00
UACC-Uplink-SFP28-3M,uacc-uplink-sfp28-3m,79.00,Accessories,Unknown,https://ca.store.ui.com/ca/en/products/uacc-uplink-sfp28-3m,Exact,2026-08-19T17:31:41+00:00
UACC-WP-Keystone-H-1P,uacc-wp-keystone-h-1p,28.00,Accessories,Unknown,https://ca.store.ui.com/ca/en/products/uacc-wp-keystone-h-1p,Exact,2026-08-19T17:31:41+00:00
UACC-WP-Keystone-H-2P,uacc-wp-keystone-h-2p,28.00,Accessories,Unknown,https://ca.store.ui.com/ca/en/products/uacc-wp-keystone-h-2p,Exact,2026-08-19T17:31:41+00:00
UACC-WP-Keystone-H-4P,uacc-wp-keystone-h-4p,28.00,Accessories,Unknown,https://ca.store.ui.com/ca/en/products/uacc-wp-keystone-h-4p,Exact,2026-08-19T17:31:41+00:00
UACC-WP-Keystone-V-1P,uacc-wp-keystone-v-1p,28.00,Accessories,Unknown,https://ca.store.ui.com/ca/en/products/uacc-wp-keystone-v-1p,Exact,2026-08-19T17:31:41+00:00
UACC-WP-Keystone-V-2P,uacc-wp-keystone-v-2p,28.00,Accessories,Unknown,https://ca.store.ui.com/ca/en/products/uacc-wp-keystone-v-2p,Exact,2026-08-19T17:31:41+00:00
UACC-WP-Keystone-V-4P,uacc-wp-keystone-v-4p,28.00,Accessories,Unknown,https://ca.store.ui.com/ca/en/products/uacc-wp-keystone-v-4p,Exact,2026-08-19T17:31:41+00:00
UACC-PoE++-10G,UniFi 10G PoE++ Adapter (60W),55.00,Accessories,In Stock,https://ca.store.ui.com/ca/en/products/uacc-poe-plus-plus-10g,Exact,2026-08-19T17:31:41+00:00
UACC-PoE+++-10G,UniFi 10G PoE+++ Adapter (90W),70.00,Accessories,In Stock,https://ca.store.ui.com/ca/en/products/uacc-poe-10g,Exact,2026-08-19T17:31:41+00:00
UACC-PoE+-2.5G,UniFi 2.5G PoE+ Adapter (30W),27.00,Accessories,In Stock,https://ca.store.ui.com/ca/en/products/uacc-poe-plus-2-5g,Exact,2026-08-19T17:31:41+00:00
UACC-3U-Bezel,UniFi 3U Bezel,429.00,Accessories,In Stock,https://ca.store.ui.com/ca/en/products/uacc-3u-bezel,Exact,2026-08-19T17:31:41+00:00
UACC-3U-Bezel-Lite,UniFi 3U Bezel Lite,140.00,Accessories,In Stock,https://ca.store.ui.com/ca/en/products/uacc-3u-bezel-lite,Exact,2026-08-19T17:31:41+00:00
UACC-Cable-Patch-EL-0.15M-W,UniFi Etherlighting Patch Cable,5.50,Accessories,In Stock,https://ca.store.ui.com/ca/en/products/uacc-cable-patch-el,Exact,2026-08-19T17:31:41+00:00
UACC-Cable-Patch-EL-0.15M-W-24,UniFi Etherlighting Patch Cable,115.00,Accessories,In Stock,https://ca.store.ui.com/ca/en/products/uacc-cable-patch-el,Exact,2026-08-19T17:31:41+00:00
UACC-Cable-Patch-EL-0.3M-W,UniFi Etherlighting Patch Cable,6.50,Accessories,In Stock,https://ca.store.ui.com/ca/en/products/uacc-cable-patch-el,Exact,2026-08-19T17:31:41+00:00
UACC-Cable-Patch-EL-12M-W,UniFi Etherlighting Patch Cable,30.00,Accessories,In Stock,https://ca.store.ui.com/ca/en/products/uacc-cable-patch-el,Exact,2026-08-19T17:31:41+00:00
UACC-Cable-Patch-EL-15M-W,UniFi Etherlighting Patch Cable,35.00,Accessories,In Stock,https://ca.store.ui.com/ca/en/products/uacc-cable-patch-el,Exact,2026-08-19T17:31:41+00:00
UACC-Cable-Patch-EL-1M-W,UniFi Etherlighting Patch Cable,8.00,Accessories,In Stock,https://ca.store.ui.com/ca/en/products/uacc-cable-patch-el,Exact,2026-08-19T17:31:41+00:00
UACC-Cable-Patch-EL-2M-W,UniFi Etherlighting Patch Cable,9.50,Accessories,In Stock,https://ca.store.ui.com/ca/en/products/uacc-cable-patch-el,Exact,2026-08-19T17:31:41+00:00
UACC-Cable-Patch-EL-3M-W,UniFi Etherlighting Patch Cable,12.00,Accessories,In Stock,https://ca.store.ui.com/ca/en/products/uacc-cable-patch-el,Exact,2026-08-19T17:31:41+00:00
UACC-Cable-Patch-EL-5M-W,UniFi Etherlighting Patch Cable,16.00,Accessories,In Stock,https://ca.store.ui.com/ca/en/products/uacc-cable-patch-el,Exact,2026-08-19T17:31:41+00:00
UACC-Cable-Patch-EL-8M-W,UniFi Etherlighting Patch Cable,20.00,Accessories,In Stock,https://ca.store.ui.com/ca/en/products/uacc-cable-patch-el,Exact,2026-08-19T17:31:41+00:00
U-Cable-C6-CMP,UniFi Indoor Cable Cat6 CMP,429.00,Accessories,In Stock,https://ca.store.ui.com/ca/en/products/u-cable-c6-cmp,Exact,2026-08-19T17:31:41+00:00
U-Cable-C6-CMR,UniFi Indoor Cable Cat6 CMR,255.00,Accessories,In Stock,https://ca.store.ui.com/ca/en/products/u-cable-c6-cmr,Exact,2026-08-19T17:31:41+00:00
UACC-Cable-C6A-CMP,UniFi Indoor Cable Cat6A CMP,715.00,Accessories,Out of Stock,https://ca.store.ui.com/ca/en/products/uacc-cable-c6a-cmp,Exact,2026-08-19T17:31:41+00:00
UACC-Cable-C6A-CMR,UniFi Indoor Cable Cat6A CMR,400.00,Accessories,In Stock,https://ca.store.ui.com/ca/en/products/uacc-cable-c6a-cmr,Exact,2026-08-19T17:31:41+00:00
UACC-Cable-C5e-Outdoor-Pro-305M-W,UniFi Outdoor Cable,215.00,Accessories,In Stock,https://ca.store.ui.com/ca/en/products/unifi-outdoor-cable,Exact,2026-08-19T17:31:41+00:00
UACC-Cable-Patch-0.2M-BK,UniFi Patch Cable (10 GbE),3.60,Accessories,In Stock,https://ca.store.ui.com/ca/en/products/uacc-cable-patch,Exact,2026-08-19T17:31:41+00:00
UACC-Cable-Patch-0.2M-BK-10,UniFi Patch Cable (10 GbE),32.00,Accessories,In Stock,https://ca.store.ui.com/ca/en/products/uacc-cable-patch,Exact,2026-08-19T17:31:41+00:00
UACC-Cable-Patch-0.2M-BK-24,UniFi Patch Cable (10 GbE),70.00,Accessories,In Stock,https://ca.store.ui.com/ca/en/products/uacc-cable-patch,Exact,2026-08-19T17:31:41+00:00
UACC-Cable-Patch-0.2M-BK-50,UniFi Patch Cable (10 GbE),140.00,Accessories,In Stock,https://ca.store.ui.com/ca/en/products/uacc-cable-patch,Exact,2026-08-19T17:31:41+00:00
UACC-Cable-Patch-0.2M-BL,UniFi Patch Cable (10 GbE),3.60,Accessories,In Stock,https://ca.store.ui.com/ca/en/products/uacc-cable-patch,Exact,2026-08-19T17:31:41+00:00
UACC-Cable-Patch-0.2M-BL-10,UniFi Patch Cable (10 GbE),32.00,Accessories,In Stock,https://ca.store.ui.com/ca/en/products/uacc-cable-patch,Exact,2026-08-19T17:31:41+00:00
UACC-Cable-Patch-0.2M-BL-24,UniFi Patch Cable (10 GbE),70.00,Accessories,In Stock,https://ca.store.ui.com/ca/en/products/uacc-cable-patch,Exact,2026-08-19T17:31:41+00:00
UACC-Cable-Patch-0.2M-BL-50,UniFi Patch Cable (10 GbE),140.00,Accessories,In Stock,https://ca.store.ui.com/ca/en/products/uacc-cable-patch,Exact,2026-08-19T17:31:41+00:00
UACC-Cable-Patch-0.2M-W,UniFi Patch Cable (10 GbE),3.60,Accessories,In Stock,https://ca.store.ui.com/ca/en/products/uacc-cable-patch,Exact,2026-08-19T17:31:41+00:00
UACC-Cable-Patch-0.2M-W-10,UniFi Patch Cable (10 GbE),32.00,Accessories,In Stock,https://ca.store.ui.com/ca/en/products/uacc-cable-patch,Exact,2026-08-19T17:31:41+00:00
UACC-Cable-Patch-0.2M-W-24,UniFi Patch Cable (10 GbE),70.00,Accessories,In Stock,https://ca.store.ui.com/ca/en/products/uacc-cable-patch,Exact,2026-08-19T17:31:41+00:00
UACC-Cable-Patch-0.2M-W-50,UniFi Patch Cable (10 GbE),140.00,Accessories,In Stock,https://ca.store.ui.com/ca/en/products/uacc-cable-patch,Exact,2026-08-19T17:31:41+00:00
UACC-Cable-Patch-0.4M-BK,UniFi Patch Cable (10 GbE),4.00,Accessories,In Stock,https://ca.store.ui.com/ca/en/products/uacc-cable-patch,Exact,2026-08-19T17:31:41+00:00
UACC-Cable-Patch-0.4M-BK-10,UniFi Patch Cable (10 GbE),37.00,Accessories,In Stock,https://ca.store.ui.com/ca/en/products/uacc-cable-patch,Exact,2026-08-19T17:31:41+00:00
UACC-Cable-Patch-0.4M-BK-24,UniFi Patch Cable (10 GbE),79.00,Accessories,In Stock,https://ca.store.ui.com/ca/en/products/uacc-cable-patch,Exact,2026-08-19T17:31:41+00:00
UACC-Cable-Patch-0.4M-BK-50,UniFi Patch Cable (10 GbE),150.00,Accessories,In Stock,https://ca.store.ui.com/ca/en/products/uacc-cable-patch,Exact,2026-08-19T17:31:41+00:00
UACC-Cable-Patch-0.4M-BL,UniFi Patch Cable (10 GbE),4.00,Accessories,In Stock,https://ca.store.ui.com/ca/en/products/uacc-cable-patch,Exact,2026-08-19T17:31:41+00:00
UACC-Cable-Patch-0.4M-BL-10,UniFi Patch Cable (10 GbE),37.00,Accessories,In Stock,https://ca.store.ui.com/ca/en/products/uacc-cable-patch,Exact,2026-08-19T17:31:41+00:00
UACC-Cable-Patch-0.4M-BL-24,UniFi Patch Cable (10 GbE),79.00,Accessories,In Stock,https://ca.store.ui.com/ca/en/products/uacc-cable-patch,Exact,2026-08-19T17:31:41+00:00
UACC-Cable-Patch-0.4M-BL-50,UniFi Patch Cable (10 GbE),150.00,Accessories,In Stock,https://ca.store.ui.com/ca/en/products/uacc-cable-patch,Exact,2026-08-19T17:31:41+00:00
UACC-Cable-Patch-0.4M-W,UniFi Patch Cable (10 GbE),4.00,Accessories,In Stock,https://ca.store.ui.com/ca/en/products/uacc-cable-patch,Exact,2026-08-19T17:31:41+00:00
UACC-Cable-Patch-0.4M-W-10,UniFi Patch Cable (10 GbE),37.00,Accessories,In Stock,https://ca.store.ui.com/ca/en/products/uacc-cable-patch,Exact,2026-08-19T17:31:41+00:00
UACC-Cable-Patch-0.4M-W-24,UniFi Patch Cable (10 GbE),79.00,Accessories,In Stock,https://ca.store.ui.com/ca/en/products/uacc-cable-patch,Exact,2026-08-19T17:31:41+00:00
UACC-Cable-Patch-0.4M-W-50,UniFi Patch Cable (10 GbE),150.00,Accessories,In Stock,https://ca.store.ui.com/ca/en/products/uacc-cable-patch,Exact,2026-08-19T17:31:41+00:00
UACC-Cable-Patch-12M-BK,UniFi Patch Cable (10 GbE),24.00,Accessories,In Stock,https://ca.store.ui.com/ca/en/products/uacc-cable-patch,Exact,2026-08-19T17:31:41+00:00
UACC-Cable-Patch-12M-BL,UniFi Patch Cable (10 GbE),24.00,Accessories,In Stock,https://ca.store.ui.com/ca/en/products/uacc-cable-patch,Exact,2026-08-19T17:31:41+00:00
UACC-Cable-Patch-12M-W,UniFi Patch Cable (10 GbE),24.00,Accessories,In Stock,https://ca.store.ui.com/ca/en/products/uacc-cable-patch,Exact,2026-08-19T17:31:41+00:00
UACC-Cable-Patch-15M-BK,UniFi Patch Cable (10 GbE),28.00,Accessories,In Stock,https://ca.store.ui.com/ca/en/products/uacc-cable-patch,Exact,2026-08-19T17:31:41+00:00
UACC-Cable-Patch-15M-BL,UniFi Patch Cable (10 GbE),28.00,Accessories,In Stock,https://ca.store.ui.com/ca/en/products/uacc-cable-patch,Exact,2026-08-19T17:31:41+00:00
UACC-Cable-Patch-15M-W,UniFi Patch Cable (10 GbE),28.00,Accessories,In Stock,https://ca.store.ui.com/ca/en/products/uacc-cable-patch,Exact,2026-08-19T17:31:41+00:00
UACC-Cable-Patch-1M-BK,UniFi Patch Cable (10 GbE),5.40,Accessories,In Stock,https://ca.store.ui.com/ca/en/products/uacc-cable-patch,Exact,2026-08-19T17:31:41+00:00
UACC-Cable-Patch-1M-BK-10,UniFi Patch Cable (10 GbE),50.00,Accessories,In Stock,https://ca.store.ui.com/ca/en/products/uacc-cable-patch,Exact,2026-08-19T17:31:41+00:00
UACC-Cable-Patch-1M-BK-24,UniFi Patch Cable (10 GbE),119.00,Accessories,In Stock,https://ca.store.ui.com/ca/en/products/uacc-cable-patch,Exact,2026-08-19T17:31:41+00:00
UACC-Cable-Patch-1M-BL,UniFi Patch Cable (10 GbE),5.40,Accessories,In Stock,https://ca.store.ui.com/ca/en/products/uacc-cable-patch,Exact,2026-08-19T17:31:41+00:00
UACC-Cable-Patch-1M-BL-10,UniFi Patch Cable (10 GbE),50.00,Accessories,In Stock,https://ca.store.ui.com/ca/en/products/uacc-cable-patch,Exact,2026-08-19T17:31:41+00:00
UACC-Cable-Patch-1M-BL-24,UniFi Patch Cable (10 GbE),119.00,Accessories,In Stock,https://ca.store.ui.com/ca/en/products/uacc-cable-patch,Exact,2026-08-19T17:31:41+00:00
UACC-Cable-Patch-1M-W,UniFi Patch Cable (10 GbE),5.40,Accessories,In Stock,https://ca.store.ui.com/ca/en/products/uacc-cable-patch,Exact,2026-08-19T17:31:41+00:00
UACC-Cable-Patch-1M-W-10,UniFi Patch Cable (10 GbE),50.00,Accessories,In Stock,https://ca.store.ui.com/ca/en/products/uacc-cable-patch,Exact,2026-08-19T17:31:41+00:00
UACC-Cable-Patch-1M-W-24,UniFi Patch Cable (10 GbE),119.00,Accessories,In Stock,https://ca.store.ui.com/ca/en/products/uacc-cable-patch,Exact,2026-08-19T17:31:41+00:00
UACC-Cable-Patch-2M-BK,UniFi Patch Cable (10 GbE),6.90,Accessories,In Stock,https://ca.store.ui.com/ca/en/products/uacc-cable-patch,Exact,2026-08-19T17:31:41+00:00
UACC-Cable-Patch-2M-BK-10,UniFi Patch Cable (10 GbE),65.00,Accessories,In Stock,https://ca.store.ui.com/ca/en/products/uacc-cable-patch,Exact,2026-08-19T17:31:41+00:00
UACC-Cable-Patch-2M-BK-24,UniFi Patch Cable (10 GbE),135.00,Accessories,In Stock,https://ca.store.ui.com/ca/en/products/uacc-cable-patch,Exact,2026-08-19T17:31:41+00:00
UACC-Cable-Patch-2M-BL,UniFi Patch Cable (10 GbE),6.90,Accessories,In Stock,https://ca.store.ui.com/ca/en/products/uacc-cable-patch,Exact,2026-08-19T17:31:41+00:00
UACC-Cable-Patch-2M-BL-10,UniFi Patch Cable (10 GbE),65.00,Accessories,In Stock,https://ca.store.ui.com/ca/en/products/uacc-cable-patch,Exact,2026-08-19T17:31:41+00:00
UACC-Cable-Patch-2M-BL-24,UniFi Patch Cable (10 GbE),135.00,Accessories,In Stock,https://ca.store.ui.com/ca/en/products/uacc-cable-patch,Exact,2026-08-19T17:31:41+00:00
UACC-Cable-Patch-2M-W,UniFi Patch Cable (10 GbE),6.90,Accessories,In Stock,https://ca.store.ui.com/ca/en/products/uacc-cable-patch,Exact,2026-08-19T17:31:41+00:00
UACC-Cable-Patch-2M-W-10,UniFi Patch Cable (10 GbE),65.00,Accessories,In Stock,https://ca.store.ui.com/ca/en/products/uacc-cable-patch,Exact,2026-08-19T17:31:41+00:00
UACC-Cable-Patch-2M-W-24,UniFi Patch Cable (10 GbE),135.00,Accessories,In Stock,https://ca.store.ui.com/ca/en/products/uacc-cable-patch,Exact,2026-08-19T17:31:41+00:00
UACC-Cable-Patch-3M-BK,UniFi Patch Cable (10 GbE),8.30,Accessories,In Stock,https://ca.store.ui.com/ca/en/products/uacc-cable-patch,Exact,2026-08-19T17:31:41+00:00
UACC-Cable-Patch-3M-BK-10,UniFi Patch Cable (10 GbE),75.00,Accessories,In Stock,https://ca.store.ui.com/ca/en/products/uacc-cable-patch,Exact,2026-08-19T17:31:41+00:00
UACC-Cable-Patch-3M-BL,UniFi Patch Cable (10 GbE),8.30,Accessories,In Stock,https://ca.store.ui.com/ca/en/products/uacc-cable-patch,Exact,2026-08-19T17:31:41+00:00
UACC-Cable-Patch-3M-BL-10,UniFi Patch Cable (10 GbE),75.00,Accessories,In Stock,https://ca.store.ui.com/ca/en/products/uacc-cable-patch,Exact,2026-08-19T17:31:41+00:00
UACC-Cable-Patch-3M-W,UniFi Patch Cable (10 GbE),8.30,Accessories,In Stock,https://ca.store.ui.com/ca/en/products/uacc-cable-patch,Exact,2026-08-19T17:31:41+00:00
UACC-Cable-Patch-3M-W-10,UniFi Patch Cable (10 GbE),75.00,Accessories,In Stock,https://ca.store.ui.com/ca/en/products/uacc-cable-patch,Exact,2026-08-19T17:31:41+00:00
UACC-Cable-Patch-5M-BK,UniFi Patch Cable (10 GbE),10.00,Accessories,In Stock,https://ca.store.ui.com/ca/en/products/uacc-cable-patch,Exact,2026-08-19T17:31:41+00:00
UACC-Cable-Patch-5M-BL,UniFi Patch Cable (10 GbE),10.00,Accessories,In Stock,https://ca.store.ui.com/ca/en/products/uacc-cable-patch,Exact,2026-08-19T17:31:41+00:00
UACC-Cable-Patch-5M-W,UniFi Patch Cable (10 GbE),10.00,Accessories,In Stock,https://ca.store.ui.com/ca/en/products/uacc-cable-patch,Exact,2026-08-19T17:31:41+00:00
UACC-Cable-Patch-8M-BK,UniFi Patch Cable (10 GbE),13.00,Accessories,In Stock,https://ca.store.ui.com/ca/en/products/uacc-cable-patch,Exact,2026-08-19T17:31:41+00:00
UACC-Cable-Patch-8M-BL,UniFi Patch Cable (10 GbE),13.00,Accessories,In Stock,https://ca.store.ui.com/ca/en/products/uacc-cable-patch,Exact,2026-08-19T17:31:41+00:00
UACC-Cable-Patch-8M-W,UniFi Patch Cable (10 GbE),13.00,Accessories,In Stock,https://ca.store.ui.com/ca/en/products/uacc-cable-patch,Exact,2026-08-19T17:31:41+00:00
UACC-Cable-Patch-Outdoor-1M-BK,UniFi Patch Cable Outdoor,5.50,Accessories,In Stock,https://ca.store.ui.com/ca/en/products/unifi-patch-cable-outdoor,Exact,2026-08-19T17:31:41+00:00
UACC-Cable-Patch-Outdoor-1M-W,UniFi Patch Cable Outdoor,5.50,Accessories,In Stock,https://ca.store.ui.com/ca/en/products/unifi-patch-cable-outdoor,Exact,2026-08-19T17:31:41+00:00
UACC-Cable-Patch-Outdoor-2M-BK,UniFi Patch Cable Outdoor,7.00,Accessories,In Stock,https://ca.store.ui.com/ca/en/products/unifi-patch-cable-outdoor,Exact,2026-08-19T17:31:41+00:00
UACC-Cable-Patch-Outdoor-2M-W,UniFi Patch Cable Outdoor,7.00,Accessories,In Stock,https://ca.store.ui.com/ca/en/products/unifi-patch-cable-outdoor,Exact,2026-08-19T17:31:41+00:00
UACC-Cable-Patch-Outdoor-3M-BK,UniFi Patch Cable Outdoor,8.00,Accessories,In Stock,https://ca.store.ui.com/ca/en/products/unifi-patch-cable-outdoor,Exact,2026-08-19T17:31:41+00:00
UACC-Cable-Patch-Outdoor-3M-W,UniFi Patch Cable Outdoor,8.00,Accessories,In Stock,https://ca.store.ui.com/ca/en/products/unifi-patch-cable-outdoor,Exact,2026-08-19T17:31:41+00:00
UACC-Cable-Patch-Outdoor-5M-BK,UniFi Patch Cable Outdoor,10.00,Accessories,In Stock,https://ca.store.ui.com/ca/en/products/unifi-patch-cable-outdoor,Exact,2026-08-19T17:31:41+00:00
UACC-Cable-Patch-Outdoor-5M-W,UniFi Patch Cable Outdoor,10.00,Accessories,In Stock,https://ca.store.ui.com/ca/en/products/unifi-patch-cable-outdoor,Exact,2026-08-19T17:31:41+00:00
UACC-Cable-Patch-Outdoor-8M-BK,UniFi Patch Cable Outdoor,15.00,Accessories,In Stock,https://ca.store.ui.com/ca/en/products/unifi-patch-cable-outdoor,Exact,2026-08-19T17:31:41+00:00
UACC-Cable-Patch-Outdoor-8M-W,UniFi Patch Cable Outdoor,15.00,Accessories,In Stock,https://ca.store.ui.com/ca/en/products/unifi-patch-cable-outdoor,Exact,2026-08-19T17:31:41+00:00
U-PoE,UniFi PoE Adapter (15W),10.00,Accessories,In Stock,https://ca.store.ui.com/ca/en/products/u-poe-af,Exact,2026-08-19T17:31:41+00:00
U-PoE+,UniFi PoE+ Adapter (30W),20.00,Accessories,In Stock,https://ca.store.ui.com/ca/en/products/u-poe-plus,Exact,2026-08-19T17:31:41+00:00
U-PoE++,UniFi PoE++ Adapter (60W),39.00,Accessories,In Stock,https://ca.store.ui.com/ca/en/products/u-poe-plus-plus,Exact,2026-08-19T17:31:41+00:00
UACC-Cable-Patch-EL-C6A-0.15M-W,UniFi Premium Patch Cable,7.00,Accessories,In Stock,https://ca.store.ui.com/ca/en/products/uacc-cable-patch-el-c6a,Exact,2026-08-19T17:31:41+00:00
UACC-Cable-Patch-EL-C6A-0.15M-W-10,UniFi Premium Patch Cable,65.00,Accessories,In Stock,https://ca.store.ui.com/ca/en/products/uacc-cable-patch-el-c6a,Exact,2026-08-19T17:31:41+00:00
UACC-Cable-Patch-EL-C6A-0.15M-W-24,UniFi Premium Patch Cable,140.00,Accessories,In Stock,https://ca.store.ui.com/ca/en/products/uacc-cable-patch-el-c6a,Exact,2026-08-19T17:31:41+00:00
UACC-Cable-Patch-EL-C6A-0.15M-W-50,UniFi Premium Patch Cable,270.00,Accessories,In Stock,https://ca.store.ui.com/ca/en/products/uacc-cable-patch-el-c6a,Exact,2026-08-19T17:31:41+00:00
UACC-Cable-Patch-EL-C6A-0.3M-W,UniFi Premium Patch Cable,8.00,Accessories,In Stock,https://ca.store.ui.com/ca/en/products/uacc-cable-patch-el-c6a,Exact,2026-08-19T17:31:41+00:00
UACC-Cable-Patch-EL-C6A-0.3M-W-10,UniFi Premium Patch Cable,79.00,Accessories,In Stock,https://ca.store.ui.com/ca/en/products/uacc-cable-patch-el-c6a,Exact,2026-08-19T17:31:41+00:00
UACC-Cable-Patch-EL-C6A-0.3M-W-24,UniFi Premium Patch Cable,170.00,Accessories,In Stock,https://ca.store.ui.com/ca/en/products/uacc-cable-patch-el-c6a,Exact,2026-08-19T17:31:41+00:00
UACC-Cable-Patch-EL-C6A-0.3M-W-50,UniFi Premium Patch Cable,329.00,Accessories,In Stock,https://ca.store.ui.com/ca/en/products/uacc-cable-patch-el-c6a,Exact,2026-08-19T17:31:41+00:00
UACC-Cable-Patch-EL-C6A-12M-W,UniFi Premium Patch Cable,38.00,Accessories,In Stock,https://ca.store.ui.com/ca/en/products/uacc-cable-patch-el-c6a,Exact,2026-08-19T17:31:41+00:00
UACC-Cable-Patch-EL-C6A-15M-W,UniFi Premium Patch Cable,45.00,Accessories,In Stock,https://ca.store.ui.com/ca/en/products/uacc-cable-patch-el-c6a,Exact,2026-08-19T17:31:41+00:00
UACC-Cable-Patch-EL-C6A-1M-W,UniFi Premium Patch Cable,9.50,Accessories,In Stock,https://ca.store.ui.com/ca/en/products/uacc-cable-patch-el-c6a,Exact,2026-08-19T17:31:41+00:00
UACC-Cable-Patch-EL-C6A-1M-W-10,UniFi Premium Patch Cable,95.00,Accessories,In Stock,https://ca.store.ui.com/ca/en/products/uacc-cable-patch-el-c6a,Exact,2026-08-19T17:31:41+00:00
UACC-Cable-Patch-EL-C6A-1M-W-24,UniFi Premium Patch Cable,199.00,Accessories,In Stock,https://ca.store.ui.com/ca/en/products/uacc-cable-patch-el-c6a,Exact,2026-08-19T17:31:41+00:00
UACC-Cable-Patch-EL-C6A-2M-W,UniFi Premium Patch Cable,10.00,Accessories,In Stock,https://ca.store.ui.com/ca/en/products/uacc-cable-patch-el-c6a,Exact,2026-08-19T17:31:41+00:00
UACC-Cable-Patch-EL-C6A-2M-W-10,UniFi Premium Patch Cable,109.00,Accessories,In Stock,https://ca.store.ui.com/ca/en/products/uacc-cable-patch-el-c6a,Exact,2026-08-19T17:31:41+00:00
UACC-Cable-Patch-EL-C6A-2M-W-24,UniFi Premium Patch Cable,229.00,Accessories,In Stock,https://ca.store.ui.com/ca/en/products/uacc-cable-patch-el-c6a,Exact,2026-08-19T17:31:41+00:00
UACC-Cable-Patch-EL-C6A-3M-W,UniFi Premium Patch Cable,13.50,Accessories,In Stock,https://ca.store.ui.com/ca/en/products/uacc-cable-patch-el-c6a,Exact,2026-08-19T17:31:41+00:00
UACC-Cable-Patch-EL-C6A-3M-W-10,UniFi Premium Patch Cable,135.00,Accessories,In Stock,https://ca.store.ui.com/ca/en/products/uacc-cable-patch-el-c6a,Exact,2026-08-19T17:31:41+00:00
UACC-Cable-Patch-EL-C6A-5M-W,UniFi Premium Patch Cable,18.00,Accessories,In Stock,https://ca.store.ui.com/ca/en/products/uacc-cable-patch-el-c6a,Exact,2026-08-19T17:31:41+00:00
UACC-Cable-Patch-EL-C6A-8M-W,UniFi Premium Patch Cable,25.00,Accessories,In Stock,https://ca.store.ui.com/ca/en/products/uacc-cable-patch-el-c6a,Exact,2026-08-19T17:31:41+00:00
UACC-Cable-Patch-Outdoor-C6A-12M-BK,UniFi Premium Patch Cable Outdoor,43.00,Accessories,In Stock,https://ca.store.ui.com/ca/en/products/uacc-cable-patch-outdoor-c6a,Exact,2026-08-19T17:31:41+00:00
UACC-Cable-Patch-Outdoor-C6A-12M-W,UniFi Premium Patch Cable Outdoor,43.00,Accessories,In Stock,https://ca.store.ui.com/ca/en/products/uacc-cable-patch-outdoor-c6a,Exact,2026-08-19T17:31:41+00:00
UACC-Cable-Patch-Outdoor-C6A-15M-BK,UniFi Premium Patch Cable Outdoor,50.00,Accessories,In Stock,https://ca.store.ui.com/ca/en/products/uacc-cable-patch-outdoor-c6a,Exact,2026-08-19T17:31:41+00:00
UACC-Cable-Patch-Outdoor-C6A-15M-W,UniFi Premium Patch Cable Outdoor,50.00,Accessories,In Stock,https://ca.store.ui.com/ca/en/products/uacc-cable-patch-outdoor-c6a,Exact,2026-08-19T17:31:41+00:00
UACC-Cable-Patch-Outdoor-C6A-1M-BK,UniFi Premium Patch Cable Outdoor,13.00,Accessories,In Stock,https://ca.store.ui.com/ca/en/products/uacc-cable-patch-outdoor-c6a,Exact,2026-08-19T17:31:41+00:00
UACC-Cable-Patch-Outdoor-C6A-1M-W,UniFi Premium Patch Cable Outdoor,13.00,Accessories,In Stock,https://ca.store.ui.com/ca/en/products/uacc-cable-patch-outdoor-c6a,Exact,2026-08-19T17:31:41+00:00
UACC-Cable-Patch-Outdoor-C6A-2M-BK,UniFi Premium Patch Cable Outdoor,14.50,Accessories,In Stock,https://ca.store.ui.com/ca/en/products/uacc-cable-patch-outdoor-c6a,Exact,2026-08-19T17:31:41+00:00
UACC-Cable-Patch-Outdoor-C6A-2M-W,UniFi Premium Patch Cable Outdoor,14.50,Accessories,In Stock,https://ca.store.ui.com/ca/en/products/uacc-cable-patch-outdoor-c6a,Exact,2026-08-19T17:31:41+00:00
UACC-Cable-Patch-Outdoor-C6A-3M-BK,UniFi Premium Patch Cable Outdoor,17.00,Accessories,In Stock,https://ca.store.ui.com/ca/en/products/uacc-cable-patch-outdoor-c6a,Exact,2026-08-19T17:31:41+00:00
UACC-Cable-Patch-Outdoor-C6A-3M-W,UniFi Premium Patch Cable Outdoor,17.00,Accessories,In Stock,https://ca.store.ui.com/ca/en/products/uacc-cable-patch-outdoor-c6a,Exact,2026-08-19T17:31:41+00:00
UACC-Cable-Patch-Outdoor-C6A-5M-BK,UniFi Premium Patch Cable Outdoor,21.00,Accessories,In Stock,https://ca.store.ui.com/ca/en/products/uacc-cable-patch-outdoor-c6a,Exact,2026-08-19T17:31:41+00:00
UACC-Cable-Patch-Outdoor-C6A-5M-W,UniFi Premium Patch Cable Outdoor,21.00,Accessories,In Stock,https://ca.store.ui.com/ca/en/products/uacc-cable-patch-outdoor-c6a,Exact,2026-08-19T17:31:41+00:00
UACC-Cable-Patch-Outdoor-C6A-8M-BK,UniFi Premium Patch Cable Outdoor,28.00,Accessories,In Stock,https://ca.store.ui.com/ca/en/products/uacc-cable-patch-outdoor-c6a,Exact,2026-08-19T17:31:41+00:00
UACC-Cable-Patch-Outdoor-C6A-8M-W,UniFi Premium Patch Cable Outdoor,28.00,Accessories,In Stock,https://ca.store.ui.com/ca/en/products/uacc-cable-patch-outdoor-c6a,Exact,2026-08-19T17:31:41+00:00
UACC-Rack-Rails-Slide,UniFi Sliding Rack Rails,115.00,Accessories,In Stock,https://ca.store.ui.com/ca/en/products/uacc-rack-rails-slide,Exact,2026-08-19T17:31:41+00:00
UACC-WP-Keystone-H-1P,"Universal Paintable Keystone Wall Plate, 4-Pack",28.00,Accessories,In Stock,https://ca.store.ui.com/ca/en/products/uacc-wp-keystone,Exact,2026-08-19T17:31:41+00:00
UACC-WP-Keystone-H-2P,"Universal Paintable Keystone Wall Plate, 4-Pack",28.00,Accessories,In Stock,https://ca.store.ui.com/ca/en/products/uacc-wp-keystone,Exact,2026-08-19T17:31:41+00:00
UACC-WP-Keystone-H-4P,"Universal Paintable Keystone Wall Plate, 4-Pack",28.00,Accessories,In Stock,https://ca.store.ui.com/ca/en/products/uacc-wp-keystone,Exact,2026-08-19T17:31:41+00:00
UACC-WP-Keystone-V-1P,"Universal Paintable Keystone Wall Plate, 4-Pack",28.00,Accessories,In Stock,https://ca.store.ui.com/ca/en/products/uacc-wp-keystone,Exact,2026-08-19T17:31:41+00:00
UACC-WP-Keystone-V-2P,"Universal Paintable Keystone Wall Plate, 4-Pack",28.00,Accessories,In Stock,https://ca.store.ui.com/ca/en/products/uacc-wp-keystone,Exact,2026-08-19T17:31:41+00:00
UACC-WP-Keystone-V-4P,"Universal Paintable Keystone Wall Plate, 4-Pack",28.00,Accessories,In Stock,https://ca.store.ui.com/ca/en/products/uacc-wp-keystone,Exact,2026-08-19T17:31:41+00:00
UACC-WP-TH,"Universal Paintable Passthrough Wall Plate, 2-Pack",21.00,Accessories,In Stock,https://ca.store.ui.com/ca/en/products/uacc-wp-th,Exact,2026-08-19T17:31:41+00:00
UACC-UTS,Universal Table Stand,41.00,Accessories,In Stock,https://ca.store.ui.com/ca/en/products/uacc-uts,Exact,2026-08-19T17:31:41+00:00
UACC-Uplink-SFP28-0.15M,Uplink Cable,39.00,Accessories,In Stock,https://ca.store.ui.com/ca/en/products/uacc-uplink-sfp28,Exact,2026-08-19T17:31:41+00:00
UACC-Uplink-SFP28-0.15M-10,Uplink Cable,355.00,Accessories,In Stock,https://ca.store.ui.com/ca/en/products/uacc-uplink-sfp28,Exact,2026-08-19T17:31:41+00:00
UACC-Uplink-SFP28-0.3M,Uplink Cable,55.00,Accessories,In Stock,https://ca.store.ui.com/ca/en/products/uacc-uplink-sfp28,Exact,2026-08-19T17:31:41+00:00
UACC-Uplink-SFP28-30M,Uplink Cable,105.00,Accessories,In Stock,https://ca.store.ui.com/ca/en/products/uacc-uplink-sfp28,Exact,2026-08-19T17:31:41+00:00
UACC-Uplink-SFP28-3M,Uplink Cable,79.00,Accessories,In Stock,https://ca.store.ui.com/ca/en/products/uacc-uplink-sfp28,Exact,2026-08-19T17:31:41+00:00
AFi-Cable-USB-7M,USB-C Cable with Charge Display,79.00,Accessories,In Stock,https://ca.store.ui.com/ca/en/products/uacc-cable-usb-100w,Exact,2026-08-19T17:31:41+00:00
UACC-Cable-USB-100W-0.3M-BK,USB-C Cable with Charge Display,25.00,Accessories,In Stock,https://ca.store.ui.com/ca/en/products/uacc-cable-usb-100w,Exact,2026-08-19T17:31:41+00:00
UACC-Cable-USB-100W-1M-BK,USB-C Cable with Charge Display,35.00,Accessories,In Stock,https://ca.store.ui.com/ca/en/products/uacc-cable-usb-100w,Exact,2026-08-19T17:31:41+00:00
UACC-Cable-USB-100W-2M-BK,USB-C Cable with Charge Display,39.00,Accessories,In Stock,https://ca.store.ui.com/ca/en/products/uacc-cable-usb-100w,Exact,2026-08-19T17:31:41+00:00
USP-Cable,usp-cable,40.00,Accessories,Unknown,https://ca.store.ui.com/ca/en/products/usp-cable,Exact,2026-08-19T17:31:41+00:00
UXG-Pro-US,uxg-pro-us,715.00,Accessories,Unknown,https://ca.store.ui.com/ca/en/products/uxg-pro-us,Exact,2026-08-19T17:31:41+00:00
WM-W,WiFiMan Wizard,135.00,Accessories,In Stock,https://ca.store.ui.com/ca/en/products/wm-w,Exact,2026-08-19T17:31:41+00:00
UCG-Fiber,Cloud Gateway Fiber,400.00,Cloud Gateways,In Stock,https://ca.store.ui.com/ca/en/products/ucg-fiber,Exact,2026-08-19T17:31:41+00:00
UCG-Industrial-US,Cloud Gateway Industrial,830.00,Cloud Gateways,In Stock,https://ca.store.ui.com/ca/en/products/ucg-industrial,Exact,2026-08-19T17:31:41+00:00
UCG-Max,Cloud Gateway Max,400.00,Cloud Gateways,In Stock,https://ca.store.ui.com/ca/en/products/ucg-max,Exact,2026-08-19T17:31:41+00:00
UCG-Max-NS,Cloud Gateway Max NS,285.00,Cloud Gateways,In Stock,https://ca.store.ui.com/ca/en/products/ucg-max-ns,Exact,2026-08-19T17:31:41+00:00
UCG-Ultra,Cloud Gateway Ultra,169.00,Cloud Gateways,In Stock,https://ca.store.ui.com/ca/en/products/ucg-ultra,Exact,2026-08-19T17:31:41+00:00
UDM-Beast,Dream Machine Beast,2150.00,Cloud Gateways,In Stock,https://ca.store.ui.com/ca/en/products/udm-beast,Exact,2026-08-19T17:31:41+00:00
UDM-Pro,Dream Machine Pro,545.00,Cloud Gateways,In Stock,https://ca.store.ui.com/ca/en/products/udm-pro,Exact,2026-08-19T17:31:41+00:00
UDM-Pro-Max,Dream Machine Pro Max,859.00,Cloud Gateways,In Stock,https://ca.store.ui.com/ca/en/products/udm-pro-max,Exact,2026-08-19T17:31:41+00:00
UDM-SE,Dream Machine Special Edition,715.00,Cloud Gateways,In Stock,https://ca.store.ui.com/ca/en/products/udm-se,Exact,2026-08-19T17:31:41+00:00
UDR-5G-Max-US,Dream Router 5G Max,715.00,Cloud Gateways,In Stock,https://ca.store.ui.com/ca/en/products/udr-5g-max-ca,Exact,2026-08-19T17:31:41+00:00
UDR7-US,Dream Router 7,400.00,Cloud Gateways,In Stock,https://ca.store.ui.com/ca/en/products/udr7,Exact,2026-08-19T17:31:41+00:00
UDW-US,Dream Wall,1379.00,Cloud Gateways,In Stock,https://ca.store.ui.com/ca/en/products/udw,Exact,2026-08-19T17:31:41+00:00
EF-Core,Enterprise Firewall Core,5019.00,Cloud Gateways,In Stock,https://ca.store.ui.com/ca/en/products/ef-core,Exact,2026-08-19T17:31:41+00:00
EFG,Enterprise Fortress Gateway,2669.00,Cloud Gateways,In Stock,https://ca.store.ui.com/ca/en/products/efg,Exact,2026-08-19T17:31:41+00:00
UACC-SSD-1TB,UACC-SSD-1TB,559.00,Cloud Gateways,In Stock,https://ca.store.ui.com/ca/en/products/uacc-ssd-1tb,Exact,2026-08-19T17:31:41+00:00
UACC-SSD-2TB,UACC-SSD-2TB,1045.00,Cloud Gateways,In Stock,https://ca.store.ui.com/ca/en/products/uacc-ssd-2tb,Exact,2026-08-19T17:31:41+00:00
UCG-Industrial-US,ucg-industrial-us,830.00,Cloud Gateways,Unknown,https://ca.store.ui.com/ca/en/products/ucg-industrial-us,Exact,2026-08-19T17:31:41+00:00
UDR-5G-Max-US,udr-5g-max-us,715.00,Cloud Gateways,Unknown,https://ca.store.ui.com/ca/en/products/udr-5g-max-us,Exact,2026-08-19T17:31:41+00:00
UDR7-US,udr7-us,400.00,Cloud Gateways,Unknown,https://ca.store.ui.com/ca/en/products/udr7-us,Exact,2026-08-19T17:31:41+00:00
UDW-US,udw-us,1379.00,Cloud Gateways,Unknown,https://ca.store.ui.com/ca/en/products/udw-us,Exact,2026-08-19T17:31:41+00:00
UX7-US,UniFi Express 7,285.00,Cloud Gateways,In Stock,https://ca.store.ui.com/ca/en/products/ux7,Exact,2026-08-19T17:31:41+00:00
UX7-US,ux7-us,285.00,Cloud Gateways,Unknown,https://ca.store.ui.com/ca/en/products/ux7-us,Exact,2026-08-19T17:31:41+00:00
UA-Button,Access Button,49.00,Door Access,In Stock,https://ca.store.ui.com/ca/en/products/ua-button,Exact,2026-08-19T17:31:41+00:00
UA-Card-B-10,Access Card,43.00,Door Access,In Stock,https://ca.store.ui.com/ca/en/products/ua-card,Exact,2026-08-19T17:31:41+00:00
UA-Card-B-100,Access Card,400.00,Door Access,In Stock,https://ca.store.ui.com/ca/en/products/ua-card,Exact,2026-08-19T17:31:41+00:00
UA-Card-W-10,Access Card,43.00,Door Access,In Stock,https://ca.store.ui.com/ca/en/products/ua-card,Exact,2026-08-19T17:31:41+00:00
UA-Card-W-100,Access Card,400.00,Door Access,In Stock,https://ca.store.ui.com/ca/en/products/ua-card,Exact,2026-08-19T17:31:41+00:00
UA-Hub-Door,Access Door Hub,285.00,Door Access,In Stock,https://ca.store.ui.com/ca/en/products/ua-hub-door,Exact,2026-08-19T17:31:41+00:00
UA-Hub-Door-Mini,Access Door Hub Mini,179.00,Door Access,Out of Stock,https://ca.store.ui.com/ca/en/products/ua-hub-door-mini,Exact,2026-08-19T17:31:41+00:00
UACC-Lock-Bolt-Safe,Access Fail-Safe Bolt Lock,140.00,Door Access,In Stock,https://ca.store.ui.com/ca/en/products/uacc-lock-bolt-safe,Exact,2026-08-19T17:31:41+00:00
UACC-Lock-Strike-Safe-15mm,Access Fail-Safe Strike Lock (15 mm),129.00,Door Access,In Stock,https://ca.store.ui.com/ca/en/products/uacc-lock-strike-safe-15mm,Exact,2026-08-19T17:31:41+00:00
UACC-Lock-Strike-Safe-8mm,Access Fail-Safe Strike Lock (8 mm),129.00,Door Access,In Stock,https://ca.store.ui.com/ca/en/products/uacc-lock-strike-safe-8mm,Exact,2026-08-19T17:31:41+00:00
UACC-Lock-Bolt-Secure,Access Fail-Secure Bolt Lock,140.00,Door Access,In Stock,https://ca.store.ui.com/ca/en/products/uacc-lock-bolt-secure,Exact,2026-08-19T17:31:41+00:00
UACC-Lock-Strike-Secure-15mm,Access Fail-Secure Strike Lock (15 mm),129.00,Door Access,In Stock,https://ca.store.ui.com/ca/en/products/uacc-lock-strike-secure-15mm,Exact,2026-08-19T17:31:41+00:00
UACC-Lock-Strike-Secure-8mm,Access Fail-Secure Strike Lock (8 mm),129.00,Door Access,In Stock,https://ca.store.ui.com/ca/en/products/uacc-lock-strike-secure-8mm,Exact,2026-08-19T17:31:41+00:00
UA-G2,Access G2 Reader,199.00,Door Access,Out of Stock,https://ca.store.ui.com/ca/en/products/ua-g2,Exact,2026-08-19T17:31:41+00:00
UA-G2-Black,Access G2 Reader,199.00,Door Access,Out of Stock,https://ca.store.ui.com/ca/en/products/ua-g2,Exact,2026-08-19T17:31:41+00:00
UA-G2-Pro,Access G2 Reader Pro,515.00,Door Access,In Stock,https://ca.store.ui.com/ca/en/products/ua-g2-pro,Exact,2026-08-19T17:31:41+00:00
UA-G2-Pro-Black,Access G2 Reader Pro,515.00,Door Access,Out of Stock,https://ca.store.ui.com/ca/en/products/ua-g2-pro,Exact,2026-08-19T17:31:41+00:00
UA-G2-SK,Access G2 Starter Kit,385.00,Door Access,In Stock,https://ca.store.ui.com/ca/en/products/ua-g2-sk,Exact,2026-08-19T17:31:41+00:00
UA-G2-SK-Pro,Access G2 Starter Kit Pro,859.00,Door Access,In Stock,https://ca.store.ui.com/ca/en/products/ua-g2-sk-pro,Exact,2026-08-19T17:31:41+00:00
UA-G3-SK-Elevator,Access G3 Elevator Starter Kit,1335.00,Door Access,Coming Soon,https://ca.store.ui.com/ca/en/products/ua-g3-sk-elevator,Exact,2026-08-19T17:31:41+00:00
UA-G3-Intercom,Access G3 Intercom,685.00,Door Access,In Stock,https://ca.store.ui.com/ca/en/products/ua-g3-intercom,Exact,2026-08-19T17:31:41+00:00
UA-G3-B,Access G3 Reader,220.00,Door Access,In Stock,https://ca.store.ui.com/ca/en/products/ua-g3,Exact,2026-08-19T17:31:41+00:00
UA-G3-W,Access G3 Reader,220.00,Door Access,In Stock,https://ca.store.ui.com/ca/en/products/ua-g3,Exact,2026-08-19T17:31:41+00:00
UA-G3-Fingerprint-B,Access G3 Reader Fingerprint,229.00,Door Access,Coming Soon,https://ca.store.ui.com/ca/en/products/ua-g3-fingerprint,Exact,2026-08-19T17:31:41+00:00
UA-G3-Fingerprint-W,Access G3 Reader Fingerprint,229.00,Door Access,Coming Soon,https://ca.store.ui.com/ca/en/products/ua-g3-fingerprint,Exact,2026-08-19T17:31:41+00:00
UA-G3-Flex-B,Access G3 Reader Flex,279.00,Door Access,In Stock,https://ca.store.ui.com/ca/en/products/ua-g3-flex,Exact,2026-08-19T17:31:41+00:00
UA-G3-Flex-W,Access G3 Reader Flex,279.00,Door Access,In Stock,https://ca.store.ui.com/ca/en/products/ua-g3-flex,Exact,2026-08-19T17:31:41+00:00
UA-G3-Pro-B,Access G3 Reader Pro,520.00,Door Access,In Stock,https://ca.store.ui.com/ca/en/products/ua-g3-pro,Exact,2026-08-19T17:31:41+00:00
UA-G3-Pro-W,Access G3 Reader Pro,520.00,Door Access,In Stock,https://ca.store.ui.com/ca/en/products/ua-g3-pro,Exact,2026-08-19T17:31:41+00:00
UA-G3-SK,Access G3 Starter Kit,409.00,Door Access,In Stock,https://ca.store.ui.com/ca/en/products/ua-g3-sk,Exact,2026-08-19T17:31:41+00:00
UA-Hub-Gate,Access Gate Hub,400.00,Door Access,Out of Stock,https://ca.store.ui.com/ca/en/products/ua-hub-gate,Exact,2026-08-19T17:31:41+00:00
UA-Intercom,Access Intercom,529.00,Door Access,Out of Stock,https://ca.store.ui.com/ca/en/products/ua-intercom,Exact,2026-08-19T17:31:41+00:00
UACC-Intercom-FM,Access Intercom Flush Mount,65.00,Door Access,In Stock,https://ca.store.ui.com/ca/en/products/uacc-intercom-fm,Exact,2026-08-19T17:31:41+00:00
UACC-Intercom-Sunshield,Access Intercom Sunshield,65.00,Door Access,In Stock,https://ca.store.ui.com/ca/en/products/uacc-intercom-sunshield,Exact,2026-08-19T17:31:41+00:00
UACC-Intercom-SAM,Access Intercom Surface Angle Mount,65.00,Door Access,In Stock,https://ca.store.ui.com/ca/en/products/uacc-intercom-sam,Exact,2026-08-19T17:31:41+00:00
UA-Intercom-Viewer,Access Intercom Viewer,215.00,Door Access,Out of Stock,https://ca.store.ui.com/ca/en/products/ua-intercom-viewer,Exact,2026-08-19T17:31:41+00:00
UA-Intercom-Viewer-3,Access Intercom Viewer,645.00,Door Access,Out of Stock,https://ca.store.ui.com/ca/en/products/ua-intercom-viewer,Exact,2026-08-19T17:31:41+00:00
UACC-Junction-Utility,Access Junction Utility,170.00,Door Access,In Stock,https://ca.store.ui.com/ca/en/products/uacc-junction-utility,Exact,2026-08-19T17:31:41+00:00
UACC-Lock-Magnetic-270kg,Access Magnetic Lock,199.00,Door Access,In Stock,https://ca.store.ui.com/ca/en/products/ua-lock-magnetic,Exact,2026-08-19T17:31:41+00:00
UACC-Lock-Magnetic-540kg,Access Magnetic Lock,269.00,Door Access,In Stock,https://ca.store.ui.com/ca/en/products/ua-lock-magnetic,Exact,2026-08-19T17:31:41+00:00
UA-Pocket,Access Pocket Keyfob,135.00,Door Access,In Stock,https://ca.store.ui.com/ca/en/products/ua-pocket,Exact,2026-08-19T17:31:41+00:00
UACC-Reader-JB-B,Access Reader Junction Box,39.00,Door Access,Out of Stock,https://ca.store.ui.com/ca/en/products/uacc-reader-jb,Exact,2026-08-19T17:31:41+00:00
UACC-Reader-JB-W,Access Reader Junction Box,39.00,Door Access,In Stock,https://ca.store.ui.com/ca/en/products/uacc-reader-jb,Exact,2026-08-19T17:31:41+00:00
UACC-Reader-Pro-AM-B,Access Reader Pro Angle Mount,39.00,Door Access,In Stock,https://ca.store.ui.com/ca/en/products/uacc-reader-pro-am,Exact,2026-08-19T17:31:41+00:00
UACC-Reader-Pro-AM-W,Access Reader Pro Angle Mount,39.00,Door Access,In Stock,https://ca.store.ui.com/ca/en/products/uacc-reader-pro-am,Exact,2026-08-19T17:31:41+00:00
UACC-Reader-Pro-JB-B,Access Reader Pro Junction Box,39.00,Door Access,In Stock,https://ca.store.ui.com/ca/en/products/uacc-reader-pro-jb,Exact,2026-08-19T17:31:41+00:00
UACC-Reader-Pro-JB-W,Access Reader Pro Junction Box,39.00,Door Access,In Stock,https://ca.store.ui.com/ca/en/products/uacc-reader-pro-jb,Exact,2026-08-19T17:31:41+00:00
UA-Rescue,Access Rescue KeySwitch,115.00,Door Access,In Stock,https://ca.store.ui.com/ca/en/products/ua-rescue,Exact,2026-08-19T17:31:41+00:00
UA-Retrofit-Hub-2,Access Retrofit Hub,329.00,Door Access,In Stock,https://ca.store.ui.com/ca/en/products/ua-retrofit-hub-2,Exact,2026-08-19T17:31:41+00:00
UA-Retrofit-Reader-B,Access Retrofit Reader,229.00,Door Access,In Stock,https://ca.store.ui.com/ca/en/products/ua-retrofit-reader,Exact,2026-08-19T17:31:41+00:00
UA-Retrofit-Reader-W,Access Retrofit Reader,229.00,Door Access,In Stock,https://ca.store.ui.com/ca/en/products/ua-retrofit-reader,Exact,2026-08-19T17:31:41+00:00
UA-Retrofit-Reader-Fingerprint-B,Access Retrofit Reader Fingerprint,229.00,Door Access,Coming Soon,https://ca.store.ui.com/ca/en/products/ua-retrofit-reader-fingerprint,Exact,2026-08-19T17:31:41+00:00
UA-Retrofit-Reader-Fingerprint-W,Access Retrofit Reader Fingerprint,229.00,Door Access,Coming Soon,https://ca.store.ui.com/ca/en/products/ua-retrofit-reader-fingerprint,Exact,2026-08-19T17:31:41+00:00
UA-Ultra,Access Ultra,175.00,Door Access,In Stock,https://ca.store.ui.com/ca/en/products/ua-ultra,Exact,2026-08-19T17:31:41+00:00
UACC-DoorCloser-US,Door Closer,185.00,Door Access,In Stock,https://ca.store.ui.com/ca/en/products/uacc-doorcloser-us,Exact,2026-08-19T17:31:41+00:00
UACC-Cable-DoorLockRelay-1P,Door Lock Relay Cable,175.00,Door Access,In Stock,https://ca.store.ui.com/ca/en/products/uacc-cable-doorlockrelay,Exact,2026-08-19T17:31:41+00:00
UACC-Cable-DoorLockRelay-2P,Door Lock Relay Cable,215.00,Door Access,In Stock,https://ca.store.ui.com/ca/en/products/uacc-cable-doorlockrelay,Exact,2026-08-19T17:31:41+00:00
EAH-8,Enterprise Access Hub,1379.00,Door Access,In Stock,https://ca.store.ui.com/ca/en/products/eah-8,Exact,2026-08-19T17:31:41+00:00
UA-G3-SK-Gate,G3 Gate Access Starter Kit,1109.00,Door Access,Out of Stock,https://ca.store.ui.com/ca/en/products/ua-g3-sk-gate,Exact,2026-08-19T17:31:41+00:00
UA-G3-SK-Pro,G3 Starter Kit Pro,819.00,Door Access,In Stock,https://ca.store.ui.com/ca/en/products/ua-g3-sk-pro,Exact,2026-08-19T17:31:41+00:00
UA-SK-Gate,Gate Access Starter Kit,1005.00,Door Access,Out of Stock,https://ca.store.ui.com/ca/en/products/ua-sk-gate,Exact,2026-08-19T17:31:41+00:00
UACC-Intercom-Viewer-TS,Intercom Viewer Table Stand,39.00,Door Access,In Stock,https://ca.store.ui.com/ca/en/products/uacc-intercom-viewer-ts,Exact,2026-08-19T17:31:41+00:00
UACC-Intercom-WM,Intercom Wedge Mount,70.00,Door Access,In Stock,https://ca.store.ui.com/ca/en/products/uacc-intercom-wm,Exact,2026-08-19T17:31:41+00:00
UACC-PanicBar,Panic Bar,570.00,Door Access,In Stock,https://ca.store.ui.com/ca/en/products/uacc-panicbar,Exact,2026-08-19T17:31:41+00:00
UACC-Retrofit-PoE-2Wire,PoE Over 2-Wire Retrofit Extender,140.00,Door Access,In Stock,https://ca.store.ui.com/ca/en/products/uacc-retrofit-poe-2wire,Exact,2026-08-19T17:31:41+00:00
UVC-G6-Entry,Reader G6 Entry,355.00,Door Access,In Stock,https://ca.store.ui.com/ca/en/products/uvc-g6-entry,Exact,2026-08-19T17:31:41+00:00
UVC-G6-Pro-Entry,Reader G6 Pro Entry,545.00,Door Access,In Stock,https://ca.store.ui.com/ca/en/products/uvc-g6-pro-entry,Exact,2026-08-19T17:31:41+00:00
UACC-Retrofit-PSU-12V,Retrofit PSU 12V,115.00,Door Access,In Stock,https://ca.store.ui.com/ca/en/products/uacc-retrofit-psu-12v,Exact,2026-08-19T17:31:41+00:00
UA-Card-B-10,ua-card-b-10,43.00,Door Access,Unknown,https://ca.store.ui.com/ca/en/products/ua-card-b-10,Exact,2026-08-19T17:31:41+00:00
UA-Card-B-100,ua-card-b-100,400.00,Door Access,Unknown,https://ca.store.ui.com/ca/en/products/ua-card-b-100,Exact,2026-08-19T17:31:41+00:00
UA-Card-W-10,ua-card-w-10,43.00,Door Access,Unknown,https://ca.store.ui.com/ca/en/products/ua-card-w-10,Exact,2026-08-19T17:31:41+00:00
UA-Card-W-100,ua-card-w-100,400.00,Door Access,Unknown,https://ca.store.ui.com/ca/en/products/ua-card-w-100,Exact,2026-08-19T17:31:41+00:00
UA-G2-Black,ua-g2-black,199.00,Door Access,Unknown,https://ca.store.ui.com/ca/en/products/ua-g2-black,Exact,2026-08-19T17:31:41+00:00
UA-G2-Pro-Black,ua-g2-pro-black,515.00,Door Access,Unknown,https://ca.store.ui.com/ca/en/products/ua-g2-pro-black,Exact,2026-08-19T17:31:41+00:00
UA-G3-B,ua-g3-b,220.00,Door Access,Unknown,https://ca.store.ui.com/ca/en/products/ua-g3-b,Exact,2026-08-19T17:31:41+00:00
UA-G3-Fingerprint-B,ua-g3-fingerprint-b,229.00,Door Access,Unknown,https://ca.store.ui.com/ca/en/products/ua-g3-fingerprint-b,Exact,2026-08-19T17:31:41+00:00
UA-G3-Fingerprint-W,ua-g3-fingerprint-w,229.00,Door Access,Unknown,https://ca.store.ui.com/ca/en/products/ua-g3-fingerprint-w,Exact,2026-08-19T17:31:41+00:00
UA-G3-Flex-B,ua-g3-flex-b,279.00,Door Access,Unknown,https://ca.store.ui.com/ca/en/products/ua-g3-flex-b,Exact,2026-08-19T17:31:41+00:00
UA-G3-Flex-W,ua-g3-flex-w,279.00,Door Access,Unknown,https://ca.store.ui.com/ca/en/products/ua-g3-flex-w,Exact,2026-08-19T17:31:41+00:00
UA-G3-Pro-B,ua-g3-pro-b,520.00,Door Access,Unknown,https://ca.store.ui.com/ca/en/products/ua-g3-pro-b,Exact,2026-08-19T17:31:41+00:00
UA-G3-Pro-W,ua-g3-pro-w,520.00,Door Access,Unknown,https://ca.store.ui.com/ca/en/products/ua-g3-pro-w,Exact,2026-08-19T17:31:41+00:00
UA-G3-W,ua-g3-w,220.00,Door Access,Unknown,https://ca.store.ui.com/ca/en/products/ua-g3-w,Exact,2026-08-19T17:31:41+00:00
UA-Intercom-Viewer-3,ua-intercom-viewer-3,645.00,Door Access,Unknown,https://ca.store.ui.com/ca/en/products/ua-intercom-viewer-3,Exact,2026-08-19T17:31:41+00:00
UA-Retrofit-Reader-B,ua-retrofit-reader-b,229.00,Door Access,Unknown,https://ca.store.ui.com/ca/en/products/ua-retrofit-reader-b,Exact,2026-08-19T17:31:41+00:00
UA-Retrofit-Reader-Fingerprint-B,ua-retrofit-reader-fingerprint-b,229.00,Door Access,Unknown,https://ca.store.ui.com/ca/en/products/ua-retrofit-reader-fingerprint-b,Exact,2026-08-19T17:31:41+00:00
UA-Retrofit-Reader-Fingerprint-W,ua-retrofit-reader-fingerprint-w,229.00,Door Access,Unknown,https://ca.store.ui.com/ca/en/products/ua-retrofit-reader-fingerprint-w,Exact,2026-08-19T17:31:41+00:00
UA-Retrofit-Reader-W,ua-retrofit-reader-w,229.00,Door Access,Unknown,https://ca.store.ui.com/ca/en/products/ua-retrofit-reader-w,Exact,2026-08-19T17:31:41+00:00
UACC-Cable-DoorLockRelay-1P,uacc-cable-doorlockrelay-1p,175.00,Door Access,Unknown,https://ca.store.ui.com/ca/en/products/uacc-cable-doorlockrelay-1p,Exact,2026-08-19T17:31:41+00:00
UACC-Cable-DoorLockRelay-2P,uacc-cable-doorlockrelay-2p,215.00,Door Access,Unknown,https://ca.store.ui.com/ca/en/products/uacc-cable-doorlockrelay-2p,Exact,2026-08-19T17:31:41+00:00
UACC-Lock-Magnetic-270kg,uacc-lock-magnetic-270kg,199.00,Door Access,Unknown,https://ca.store.ui.com/ca/en/products/uacc-lock-magnetic-270kg,Exact,2026-08-19T17:31:41+00:00
UACC-Lock-Magnetic-540kg,uacc-lock-magnetic-540kg,269.00,Door Access,Unknown,https://ca.store.ui.com/ca/en/products/uacc-lock-magnetic-540kg,Exact,2026-08-19T17:31:41+00:00
UACC-Reader-JB-B,uacc-reader-jb-b,39.00,Door Access,Unknown,https://ca.store.ui.com/ca/en/products/uacc-reader-jb-b,Exact,2026-08-19T17:31:41+00:00
UACC-Reader-JB-W,uacc-reader-jb-w,39.00,Door Access,Unknown,https://ca.store.ui.com/ca/en/products/uacc-reader-jb-w,Exact,2026-08-19T17:31:41+00:00
UACC-Reader-Pro-AM-B,uacc-reader-pro-am-b,39.00,Door Access,Unknown,https://ca.store.ui.com/ca/en/products/uacc-reader-pro-am-b,Exact,2026-08-19T17:31:41+00:00
UACC-Reader-Pro-AM-W,uacc-reader-pro-am-w,39.00,Door Access,Unknown,https://ca.store.ui.com/ca/en/products/uacc-reader-pro-am-w,Exact,2026-08-19T17:31:41+00:00
UACC-Reader-Pro-JB-B,uacc-reader-pro-jb-b,39.00,Door Access,Unknown,https://ca.store.ui.com/ca/en/products/uacc-reader-pro-jb-b,Exact,2026-08-19T17:31:41+00:00
UACC-Reader-Pro-JB-W,uacc-reader-pro-jb-w,39.00,Door Access,Unknown,https://ca.store.ui.com/ca/en/products/uacc-reader-pro-jb-w,Exact,2026-08-19T17:31:41+00:00
UT-ATA-US,Analog Telephone Adapter,139.00,Integrations,In Stock,https://ca.store.ui.com/ca/en/products/ut-ata,Exact,2026-08-19T17:31:41+00:00
UC-Cast-Lite-US,Display Cast Lite,255.00,Integrations,In Stock,https://ca.store.ui.com/ca/en/products/uc-cast-lite,Exact,2026-08-19T17:31:41+00:00
UC-Cast-Pro,Display Cast Pro,400.00,Integrations,In Stock,https://ca.store.ui.com/ca/en/products/uc-cast-pro,Exact,2026-08-19T17:31:41+00:00
EAV-Bridge,Enterprise Audio/Video Bridge,429.00,Integrations,In Stock,https://ca.store.ui.com/ca/en/products/eav-bridge,Exact,2026-08-19T17:31:41+00:00
ENAS,Enterprise NAS,5735.00,Integrations,Out of Stock,https://ca.store.ui.com/ca/en/products/enas,Exact,2026-08-19T17:31:41+00:00
UC-EV-Station-Lite-US,EV Station Lite,715.00,Integrations,In Stock,https://ca.store.ui.com/ca/en/products/uc-ev-station-lite,Exact,2026-08-19T17:31:41+00:00
UC-EV-Station-Pro-US,EV Station Pro,1659.00,Integrations,Out of Stock,https://ca.store.ui.com/ca/en/products/uc-ev-station-pro,Exact,2026-08-19T17:31:41+00:00
UT-G3-Handset,G3 Wireless Handset,140.00,Integrations,In Stock,https://ca.store.ui.com/ca/en/products/ut-g3-handset,Exact,2026-08-19T17:31:41+00:00
UMR-Industrial-US,Mobile Router Industrial,265.00,Integrations,In Stock,https://ca.store.ui.com/ca/en/products/umr-industrial-us,Exact,2026-08-19T17:31:41+00:00
UMR-Ultra-US,Mobile Router Ultra,169.00,Integrations,In Stock,https://ca.store.ui.com/ca/en/products/umr-ultra-us,Exact,2026-08-19T17:31:41+00:00
UTP-Touch-U,Phone G2 Touch,269.00,Integrations,In Stock,https://ca.store.ui.com/ca/en/products/utp-touch,Exact,2026-08-19T17:31:41+00:00
UTP-Touch-White,Phone G2 Touch,269.00,Integrations,Out of Stock,https://ca.store.ui.com/ca/en/products/utp-touch,Exact,2026-08-19T17:31:41+00:00
UTP-TouchMax-U,Phone G2 Touch Max,429.00,Integrations,Out of Stock,https://ca.store.ui.com/ca/en/products/utp-touchmax-u,Exact,2026-08-19T17:31:41+00:00
UTP-TouchMax-White-U,Phone G2 Touch Max,429.00,Integrations,In Stock,https://ca.store.ui.com/ca/en/products/utp-touchmax-u,Exact,2026-08-19T17:31:41+00:00
UTP-G3-Touch-Enterprise,Phone G3 Touch Enterprise,429.00,Integrations,In Stock,https://ca.store.ui.com/ca/en/products/utp-g3-touch-enterprise,Exact,2026-08-19T17:31:41+00:00
UTP-G3-Touch-Pro,Phone G3 Touch Pro,285.00,Integrations,In Stock,https://ca.store.ui.com/ca/en/products/utp-g3-touch-pro,Exact,2026-08-19T17:31:41+00:00
UTP-G3-Touch-Wall,Phone G3 Touch Wall,570.00,Integrations,In Stock,https://ca.store.ui.com/ca/en/products/utp-g3-touch-wall,Exact,2026-08-19T17:31:41+00:00
USP-PDU-HD,Power Distribution Hi-Density,1379.00,Integrations,In Stock,https://ca.store.ui.com/ca/en/products/usp-pdu-hd,Exact,2026-08-19T17:31:41+00:00
USP-PDU-Pro,Power Distribution Pro,379.00,Integrations,Out of Stock,https://ca.store.ui.com/ca/en/products/usp-pdu-pro,Exact,2026-08-19T17:31:41+00:00
USP-RPS,Redundant Power,549.00,Integrations,In Stock,https://ca.store.ui.com/ca/en/products/usp-rps,Exact,2026-08-19T17:31:41+00:00
U5G-Max,u5g-max,570.00,Integrations,Unknown,https://ca.store.ui.com/ca/en/products/u5g-max,Exact,2026-08-19T17:31:41+00:00
U5G-Max-Outdoor,u5g-max-outdoor,570.00,Integrations,Unknown,https://ca.store.ui.com/ca/en/products/u5g-max-outdoor,Exact,2026-08-19T17:31:41+00:00
U5G-US,u5g-us,140.00,Integrations,Unknown,https://ca.store.ui.com/ca/en/products/u5g-us,Exact,2026-08-19T17:31:41+00:00
UC-Cast-Lite-US,uc-cast-lite-us,255.00,Integrations,Unknown,https://ca.store.ui.com/ca/en/products/uc-cast-lite-us,Exact,2026-08-19T17:31:41+00:00
UC-EV-Station-Lite-US,uc-ev-station-lite-us,715.00,Integrations,Unknown,https://ca.store.ui.com/ca/en/products/uc-ev-station-lite-us,Exact,2026-08-19T17:31:41+00:00
UC-EV-Station-Pro-US,uc-ev-station-pro-us,1659.00,Integrations,Unknown,https://ca.store.ui.com/ca/en/products/uc-ev-station-pro-us,Exact,2026-08-19T17:31:41+00:00
UICARE-USP-PDU-Pro,UI Care (USP-PDU-Pro),85.00,Integrations,In Stock,https://ca.store.ui.com/ca/en/products/uicare-usp-pdu-pro,Exact,2026-08-19T17:31:41+00:00
UNAS-2-B,UNAS 2,285.00,Integrations,In Stock,https://ca.store.ui.com/ca/en/products/unas-2,Exact,2026-08-19T17:31:41+00:00
UNAS-2-W,UNAS 2,285.00,Integrations,In Stock,https://ca.store.ui.com/ca/en/products/unas-2,Exact,2026-08-19T17:31:41+00:00
UNAS-4-B,UNAS 4,545.00,Integrations,Coming Soon,https://ca.store.ui.com/ca/en/products/unas-4,Exact,2026-08-19T17:31:41+00:00
UNAS-4-W,UNAS 4,545.00,Integrations,In Stock,https://ca.store.ui.com/ca/en/products/unas-4,Exact,2026-08-19T17:31:41+00:00
UNAS-Pro,UNAS Pro,715.00,Integrations,In Stock,https://ca.store.ui.com/ca/en/products/unas-pro,Exact,2026-08-19T17:31:41+00:00
UNAS-Pro-4,UNAS Pro 4,715.00,Integrations,In Stock,https://ca.store.ui.com/ca/en/products/unas-pro-4,Exact,2026-08-19T17:31:41+00:00
UNAS-Pro-8,UNAS Pro 8,1145.00,Integrations,In Stock,https://ca.store.ui.com/ca/en/products/unas-pro-8,Exact,2026-08-19T17:31:41+00:00
UNAS-2-B,unas-2-b,285.00,Integrations,Unknown,https://ca.store.ui.com/ca/en/products/unas-2-b,Exact,2026-08-19T17:31:41+00:00
UNAS-2-W,unas-2-w,285.00,Integrations,Unknown,https://ca.store.ui.com/ca/en/products/unas-2-w,Exact,2026-08-19T17:31:41+00:00
UNAS-4-B,unas-4-b,545.00,Integrations,Unknown,https://ca.store.ui.com/ca/en/products/unas-4-b,Exact,2026-08-19T17:31:41+00:00
UNAS-4-W,unas-4-w,545.00,Integrations,Unknown,https://ca.store.ui.com/ca/en/products/unas-4-w,Exact,2026-08-19T17:31:41+00:00
U5G-US,UniFi 5G Backup,140.00,Integrations,In Stock,https://ca.store.ui.com/ca/en/products/u5g-ca,Exact,2026-08-19T17:31:41+00:00
U5G-Max,UniFi 5G Max,570.00,Integrations,In Stock,https://ca.store.ui.com/ca/en/products/u5g-max-ca,Exact,2026-08-19T17:31:41+00:00
U5G-Max-Outdoor,UniFi 5G Max Outdoor,570.00,Integrations,In Stock,https://ca.store.ui.com/ca/en/products/u5g-max-outdoor-ca,Exact,2026-08-19T17:31:41+00:00
UMR-CA,UniFi Mobile Router,269.00,Integrations,In Stock,https://ca.store.ui.com/ca/en/products/umr-ca,Exact,2026-08-19T17:31:41+00:00
UPL-Port-B-US,UniFi PoE Audio Port,285.00,Integrations,In Stock,https://ca.store.ui.com/ca/en/products/upl-port,Exact,2026-08-19T17:31:41+00:00
UPL-Port-W-US,UniFi PoE Audio Port,285.00,Integrations,In Stock,https://ca.store.ui.com/ca/en/products/upl-port,Exact,2026-08-19T17:31:41+00:00
UPL-Amp-B-US,UniFi PowerAmp,799.00,Integrations,In Stock,https://ca.store.ui.com/ca/en/products/upl-amp,Exact,2026-08-19T17:31:41+00:00
UPL-Amp-W-US,UniFi PowerAmp,799.00,Integrations,In Stock,https://ca.store.ui.com/ca/en/products/upl-amp,Exact,2026-08-19T17:31:41+00:00
UPL-Amp-B-US,upl-amp-b-us,799.00,Integrations,Unknown,https://ca.store.ui.com/ca/en/products/upl-amp-b-us,Exact,2026-08-19T17:31:41+00:00
UPL-Amp-W-US,upl-amp-w-us,799.00,Integrations,Unknown,https://ca.store.ui.com/ca/en/products/upl-amp-w-us,Exact,2026-08-19T17:31:41+00:00
UPL-Port-B-US,upl-port-b-us,285.00,Integrations,Unknown,https://ca.store.ui.com/ca/en/products/upl-port-b-us,Exact,2026-08-19T17:31:41+00:00
UPL-Port-W-US,upl-port-w-us,285.00,Integrations,Unknown,https://ca.store.ui.com/ca/en/products/upl-port-w-us,Exact,2026-08-19T17:31:41+00:00
UPS-2U-US,UPS 2U,400.00,Integrations,Out of Stock,https://ca.store.ui.com/ca/en/products/ups-2u-us,Exact,2026-08-19T17:31:41+00:00
UPS-2U-Pro-US,UPS 2U Pro,975.00,Integrations,Coming Soon,https://ca.store.ui.com/ca/en/products/ups-2u-pro-us,Exact,2026-08-19T17:31:41+00:00
UPS-Tower-US,UPS Tower,229.00,Integrations,In Stock,https://ca.store.ui.com/ca/en/products/ups-tower-us,Exact,2026-08-19T17:31:41+00:00
UT-ATA-US,ut-ata-us,139.00,Integrations,Unknown,https://ca.store.ui.com/ca/en/products/ut-ata-us,Exact,2026-08-19T17:31:41+00:00
UTP-Touch-U,utp-touch-u,269.00,Integrations,Unknown,https://ca.store.ui.com/ca/en/products/utp-touch-u,Exact,2026-08-19T17:31:41+00:00
UTP-Touch-White,utp-touch-white,269.00,Integrations,Unknown,https://ca.store.ui.com/ca/en/products/utp-touch-white,Exact,2026-08-19T17:31:41+00:00
UTP-TouchMax-White-U,utp-touchmax-white-u,429.00,Integrations,Unknown,https://ca.store.ui.com/ca/en/products/utp-touchmax-white-u,Exact,2026-08-19T17:31:41+00:00
UACC-G4-INS-Cable-USB-4.5M,4.5M USB-C Cable,25.00,Physical Security,In Stock,https://ca.store.ui.com/ca/en/products/uacc-g4-ins-cable-usb-4-5m,Exact,2026-08-19T17:31:41+00:00
UACC-G4-DBP-Cable-USB-7M,7M USB-C Cable,40.00,Physical Security,In Stock,https://ca.store.ui.com/ca/en/products/uacc-g4-dbp-cable-usb-7m,Exact,2026-08-19T17:31:41+00:00
UACC-AI-Pro-Dome-FM-W,AI Dome Camera Flush Mount,21.00,Physical Security,In Stock,https://ca.store.ui.com/ca/en/products/uacc-dome-fm,Exact,2026-08-19T17:31:41+00:00
UACC-Dome-FM-B,AI Dome Camera Flush Mount,21.00,Physical Security,In Stock,https://ca.store.ui.com/ca/en/products/uacc-dome-fm,Exact,2026-08-19T17:31:41+00:00
UP-AI-Horn-Speaker-B,AI Horn Speaker,429.00,Physical Security,In Stock,https://ca.store.ui.com/ca/en/products/up-ai-horn-speaker,Exact,2026-08-19T17:31:41+00:00
UP-AI-Horn-Speaker-W,AI Horn Speaker,429.00,Physical Security,In Stock,https://ca.store.ui.com/ca/en/products/up-ai-horn-speaker,Exact,2026-08-19T17:31:41+00:00
AI-Key-US,AI Key,1145.00,Physical Security,In Stock,https://ca.store.ui.com/ca/en/products/ai-key,Exact,2026-08-19T17:31:41+00:00
UACC-AI-MS-2-AM-W,AI Multi Sensor 2 Camera Arm Mount,55.00,Physical Security,In Stock,https://ca.store.ui.com/ca/en/products/uacc-ai-ms-2-am,Exact,2026-08-19T17:31:41+00:00
UACC-AI-MS-2-PM-W,AI Multi Sensor 2 Camera Pendant Mount,27.00,Physical Security,In Stock,https://ca.store.ui.com/ca/en/products/uacc-ai-ms-2-pm,Exact,2026-08-19T17:31:41+00:00
UACC-AI-MS-2-WS-W,AI Multi Sensor 2 Camera Weather Shield,27.00,Physical Security,In Stock,https://ca.store.ui.com/ca/en/products/uacc-ai-ms-2-ws,Exact,2026-08-19T17:31:41+00:00
UACC-AI-MS-4-AM-B,AI Multi Sensor 4 Camera Arm Mount,285.00,Physical Security,In Stock,https://ca.store.ui.com/ca/en/products/uacc-ai-ms-4-am,Exact,2026-08-19T17:31:41+00:00
UACC-AI-MS-4-AM-W,AI Multi Sensor 4 Camera Arm Mount,285.00,Physical Security,In Stock,https://ca.store.ui.com/ca/en/products/uacc-ai-ms-4-am,Exact,2026-08-19T17:31:41+00:00
UACC-AI-MS-4-PM-B,AI Multi Sensor 4 Camera Pendant Mount,140.00,Physical Security,In Stock,https://ca.store.ui.com/ca/en/products/uacc-ai-ms-4-pm,Exact,2026-08-19T17:31:41+00:00
UACC-AI-MS-4-PM-W,AI Multi Sensor 4 Camera Pendant Mount,140.00,Physical Security,In Stock,https://ca.store.ui.com/ca/en/products/uacc-ai-ms-4-pm,Exact,2026-08-19T17:31:41+00:00
UP-AI-Port,AI Port,285.00,Physical Security,In Stock,https://ca.store.ui.com/ca/en/products/up-ai-port,Exact,2026-08-19T17:31:41+00:00
UACC-AI-Pro-Enhancer,AI Pro Enhancer,239.00,Physical Security,In Stock,https://ca.store.ui.com/ca/en/products/uacc-ai-pro-enhancer,Exact,2026-08-19T17:31:41+00:00
UACC-AI-Pro-Enhancer-W,AI Pro Enhancer,239.00,Physical Security,In Stock,https://ca.store.ui.com/ca/en/products/uacc-ai-pro-enhancer,Exact,2026-08-19T17:31:41+00:00
UACC-AI-PTZ-Precision-CM-B,AI PTZ Precision Corner Mount,55.00,Physical Security,In Stock,https://ca.store.ui.com/ca/en/products/uacc-ai-ptz-precision-cm,Exact,2026-08-19T17:31:41+00:00
UACC-AI-PTZ-Precision-CM-W,AI PTZ Precision Corner Mount,55.00,Physical Security,In Stock,https://ca.store.ui.com/ca/en/products/uacc-ai-ptz-precision-cm,Exact,2026-08-19T17:31:41+00:00
UACC-AI-PTZ-Precision-PM-B,AI PTZ Precision Pendant Mount,129.00,Physical Security,In Stock,https://ca.store.ui.com/ca/en/products/uacc-ai-ptz-precision-pm,Exact,2026-08-19T17:31:41+00:00
UACC-AI-PTZ-Precision-PM-W,AI PTZ Precision Pendant Mount,129.00,Physical Security,In Stock,https://ca.store.ui.com/ca/en/products/uacc-ai-ptz-precision-pm,Exact,2026-08-19T17:31:41+00:00
UP-AI-Speaker,AI Speaker,285.00,Physical Security,In Stock,https://ca.store.ui.com/ca/en/products/up-ai-speaker,Exact,2026-08-19T17:31:41+00:00
UVC-AI-Theta-Lens-360,AI Theta 360 Lens,80.00,Physical Security,Out of Stock,https://ca.store.ui.com/ca/en/products/uvc-ai-theta-lens-360,Exact,2026-08-19T17:31:41+00:00
uacc-ai-theta-angle-mount-camera,AI Theta Angle Mount,39.00,Physical Security,In Stock,https://ca.store.ui.com/ca/en/products/uacc-ai-theta-angle-mount-camera,Exact,2026-08-19T17:31:41+00:00
UVC-AI-Theta-Audio,AI Theta Audio,90.00,Physical Security,In Stock,https://ca.store.ui.com/ca/en/products/uvc-ai-theta-audio,Exact,2026-08-19T17:31:41+00:00
UACC-AI-Theta-Audio-Cable-1M,AI Theta Audio Cable,25.00,Physical Security,In Stock,https://ca.store.ui.com/ca/en/products/uacc-ai-theta-audio-cable,Exact,2026-08-19T17:31:41+00:00
UACC-AI-Theta-Audio-Cable-Ext-10M,AI Theta Audio Extension Cable,85.00,Physical Security,In Stock,https://ca.store.ui.com/ca/en/products/uacc-ai-theta-audio-cable-ext-10m,Exact,2026-08-19T17:31:41+00:00
UACC-AI-Theta-CMS,AI Theta Ceiling Mount System,25.00,Physical Security,In Stock,https://ca.store.ui.com/ca/en/products/uacc-ai-theta-cms,Exact,2026-08-19T17:31:41+00:00
UVC-AI-Theta-Hub,AI Theta Hub,285.00,Physical Security,In Stock,https://ca.store.ui.com/ca/en/products/uvc-ai-theta-hub,Exact,2026-08-19T17:31:41+00:00
UVC-AI-Theta-Lens,AI Theta Lens,80.00,Physical Security,Out of Stock,https://ca.store.ui.com/ca/en/products/uvc-ai-theta-lens,Exact,2026-08-19T17:31:41+00:00
UVC-AI-Theta-Lens-LD,AI Theta Long-Distance Lens,80.00,Physical Security,In Stock,https://ca.store.ui.com/ca/en/products/uvc-ai-theta-lens-ld,Exact,2026-08-19T17:31:41+00:00
UVC-AI-Theta-ProLens360,AI Theta Pro 360 Lens,179.00,Physical Security,In Stock,https://ca.store.ui.com/ca/en/products/uvc-ai-theta-prolens360,Exact,2026-08-19T17:31:41+00:00
uacc-ai-theta-pro-angle-mount-camera,AI Theta Pro Angle Mount,39.00,Physical Security,In Stock,https://ca.store.ui.com/ca/en/products/uacc-ai-theta-pro-angle-mount-camera,Exact,2026-08-19T17:31:41+00:00
UACC-AI-Theta-Pro-PFM-Camera,AI Theta Pro Flush Mount,39.00,Physical Security,In Stock,https://ca.store.ui.com/ca/en/products/uacc-ai-theta-pro-pfm-camera,Exact,2026-08-19T17:31:41+00:00
UVC-AI-Theta-ProLens50,AI Theta Pro Long-Distance Lens,179.00,Physical Security,In Stock,https://ca.store.ui.com/ca/en/products/uvc-ai-theta-prolens50,Exact,2026-08-19T17:31:41+00:00
UVC-AI-Theta-ProLens110,AI Theta Pro Wide-Angle Lens,179.00,Physical Security,In Stock,https://ca.store.ui.com/ca/en/products/uvc-ai-theta-prolens110,Exact,2026-08-19T17:31:41+00:00
UACC-AI-Theta-Video-Cable-1M,AI Theta Video Cable,39.00,Physical Security,In Stock,https://ca.store.ui.com/ca/en/products/uacc-ai-theta-video-cable,Exact,2026-08-19T17:31:41+00:00
UACC-AI-Theta-Video-Cable-Ext-5M,AI Theta Video Extension Cable,140.00,Physical Security,Out of Stock,https://ca.store.ui.com/ca/en/products/uacc-ai-theta-video-cable-ext-5m,Exact,2026-08-19T17:31:41+00:00
AI-Key-US,ai-key-us,1145.00,Physical Security,Unknown,https://ca.store.ui.com/ca/en/products/ai-key-us,Exact,2026-08-19T17:31:41+00:00
UACC-Bullet-AB-B,Bullet Camera Adjustable Angled Base,25.00,Physical Security,In Stock,https://ca.store.ui.com/ca/en/products/uacc-bullet-ab,Exact,2026-08-19T17:31:41+00:00
UACC-Bullet-AB-W,Bullet Camera Adjustable Angled Base,25.00,Physical Security,In Stock,https://ca.store.ui.com/ca/en/products/uacc-bullet-ab,Exact,2026-08-19T17:31:41+00:00
UVC-AI-360,Camera AI 360,540.00,Physical Security,Out of Stock,https://ca.store.ui.com/ca/en/products/uvc-ai-360,Exact,2026-08-19T17:31:41+00:00
UVC-AI-360-W,Camera AI 360,540.00,Physical Security,Out of Stock,https://ca.store.ui.com/ca/en/products/uvc-ai-360,Exact,2026-08-19T17:31:41+00:00
UACC-AI-360-JB,Camera AI 360 Junction Box,70.00,Physical Security,In Stock,https://ca.store.ui.com/ca/en/products/uacc-ai-360-jb,Exact,2026-08-19T17:31:41+00:00
UACC-AI-360-JB-W,Camera AI 360 Junction Box,70.00,Physical Security,In Stock,https://ca.store.ui.com/ca/en/products/uacc-ai-360-jb,Exact,2026-08-19T17:31:41+00:00
UVC-AI-Dome-B,Camera AI Dome,570.00,Physical Security,In Stock,https://ca.store.ui.com/ca/en/products/uvc-ai-dome,Exact,2026-08-19T17:31:41+00:00
UVC-AI-Dome-W,Camera AI Dome,570.00,Physical Security,In Stock,https://ca.store.ui.com/ca/en/products/uvc-ai-dome,Exact,2026-08-19T17:31:41+00:00
UVC-AI-DSLR,Camera AI DSLR,2150.00,Physical Security,In Stock,https://ca.store.ui.com/ca/en/products/uvc-ai-dslr,Exact,2026-08-19T17:31:41+00:00
UVC-AI-DSLR-LD,Camera AI DSLR,2150.00,Physical Security,In Stock,https://ca.store.ui.com/ca/en/products/uvc-ai-dslr,Exact,2026-08-19T17:31:41+00:00
UVC-AI-LPR-B,Camera AI LPR,715.00,Physical Security,In Stock,https://ca.store.ui.com/ca/en/products/uvc-ai-lpr,Exact,2026-08-19T17:31:41+00:00
UVC-AI-MS-2-W,Camera AI Multi Sensor 2,1005.00,Physical Security,In Stock,https://ca.store.ui.com/ca/en/products/uvc-ai-ms-2,Exact,2026-08-19T17:31:41+00:00
UVC-AI-MS-4-B,Camera AI Multi Sensor 4,2580.00,Physical Security,In Stock,https://ca.store.ui.com/ca/en/products/uvc-ai-ms-4,Exact,2026-08-19T17:31:41+00:00
UVC-AI-MS-4-W,Camera AI Multi Sensor 4,2580.00,Physical Security,In Stock,https://ca.store.ui.com/ca/en/products/uvc-ai-ms-4,Exact,2026-08-19T17:31:41+00:00
UVC-AI-Pro,Camera AI Pro,715.00,Physical Security,In Stock,https://ca.store.ui.com/ca/en/products/uvc-ai-pro,Exact,2026-08-19T17:31:41+00:00
UVC-AI-Pro-White,Camera AI Pro,715.00,Physical Security,In Stock,https://ca.store.ui.com/ca/en/products/uvc-ai-pro,Exact,2026-08-19T17:31:41+00:00
UVC-AI-PTZ-B,Camera AI PTZ Industrial,1865.00,Physical Security,In Stock,https://ca.store.ui.com/ca/en/products/uvc-ai-ptz,Exact,2026-08-19T17:31:41+00:00
UVC-AI-PTZ-W,Camera AI PTZ Industrial,1865.00,Physical Security,In Stock,https://ca.store.ui.com/ca/en/products/uvc-ai-ptz,Exact,2026-08-19T17:31:41+00:00
UVC-AI-PTZ-Precision-B,Camera AI PTZ Precision,2869.00,Physical Security,In Stock,https://ca.store.ui.com/ca/en/products/uvc-ai-ptz-precision,Exact,2026-08-19T17:31:41+00:00
UVC-AI-PTZ-Precision-W,Camera AI PTZ Precision,2869.00,Physical Security,In Stock,https://ca.store.ui.com/ca/en/products/uvc-ai-ptz-precision,Exact,2026-08-19T17:31:41+00:00
UVC-AI-Theta,Camera AI Theta,409.00,Physical Security,In Stock,https://ca.store.ui.com/ca/en/products/uvc-ai-theta,Exact,2026-08-19T17:31:41+00:00
UVC-AI-Theta-Pro,Camera AI Theta Pro,470.00,Physical Security,In Stock,https://ca.store.ui.com/ca/en/products/uvc-ai-theta-pro,Exact,2026-08-19T17:31:41+00:00
UVC-AI-Turret-B,Camera AI Turret,570.00,Physical Security,In Stock,https://ca.store.ui.com/ca/en/products/uvc-ai-turret,Exact,2026-08-19T17:31:41+00:00
UVC-AI-Turret-W,Camera AI Turret,570.00,Physical Security,In Stock,https://ca.store.ui.com/ca/en/products/uvc-ai-turret,Exact,2026-08-19T17:31:41+00:00
UACC-Camera-AM-B,Camera Arm Mount,65.00,Physical Security,Out of Stock,https://ca.store.ui.com/ca/en/products/uacc-camera-am,Exact,2026-08-19T17:31:41+00:00
UACC-Camera-AM-W,Camera Arm Mount,65.00,Physical Security,Out of Stock,https://ca.store.ui.com/ca/en/products/uacc-camera-am,Exact,2026-08-19T17:31:41+00:00
UACC-Camera-CJB-B,Camera Compact Junction Box,65.00,Physical Security,In Stock,https://ca.store.ui.com/ca/en/products/uacc-camera-cjb,Exact,2026-08-19T17:31:41+00:00
UACC-Camera-CJB-W,Camera Compact Junction Box,65.00,Physical Security,In Stock,https://ca.store.ui.com/ca/en/products/uacc-camera-cjb,Exact,2026-08-19T17:31:41+00:00
UACC-Camera-DM-B,Camera Dual Mount,85.00,Physical Security,In Stock,https://ca.store.ui.com/ca/en/products/uacc-camera-dm,Exact,2026-08-19T17:31:41+00:00
UACC-Camera-DM-W,Camera Dual Mount,85.00,Physical Security,In Stock,https://ca.store.ui.com/ca/en/products/uacc-camera-dm,Exact,2026-08-19T17:31:41+00:00
UVC-G3F-Cover-Black-3,Camera G3 Flex Cover,69.00,Physical Security,In Stock,https://ca.store.ui.com/ca/en/products/uvc-g3f-cover-3-pack,Exact,2026-08-19T17:31:41+00:00
UVC-G3F-cover-Camo-3,Camera G3 Flex Cover,69.00,Physical Security,In Stock,https://ca.store.ui.com/ca/en/products/uvc-g3f-cover-3-pack,Exact,2026-08-19T17:31:41+00:00
UVC-G3F-cover-Concrete-3,Camera G3 Flex Cover,69.00,Physical Security,In Stock,https://ca.store.ui.com/ca/en/products/uvc-g3f-cover-3-pack,Exact,2026-08-19T17:31:41+00:00
UVC-G3F-cover-Marble-3,Camera G3 Flex Cover,69.00,Physical Security,In Stock,https://ca.store.ui.com/ca/en/products/uvc-g3f-cover-3-pack,Exact,2026-08-19T17:31:41+00:00
UVC-G3F-cover-Wood-3,Camera G3 Flex Cover,69.00,Physical Security,In Stock,https://ca.store.ui.com/ca/en/products/uvc-g3f-cover-3-pack,Exact,2026-08-19T17:31:41+00:00
unifi-g3-instant-cover,Camera G3 Instant Cover,15.00,Physical Security,In Stock,https://ca.store.ui.com/ca/en/products/unifi-g3-instant-cover,Exact,2026-08-19T17:31:41+00:00
UVC-G4-INS-US,Camera G4 Instant,130.00,Physical Security,In Stock,https://ca.store.ui.com/ca/en/products/uvc-g4-ins,Exact,2026-08-19T17:31:41+00:00
unifi-g4-instant-cover,Camera G4 Instant Cover,15.00,Physical Security,In Stock,https://ca.store.ui.com/ca/en/products/unifi-g4-instant-cover,Exact,2026-08-19T17:31:41+00:00
UVC-G4-PTZ,Camera G4 PTZ Industrial,2490.00,Physical Security,In Stock,https://ca.store.ui.com/ca/en/products/uvc-g4-ptz,Exact,2026-08-19T17:31:41+00:00
g4-dome-arm-mount,Camera G4/G5 Dome Arm Mount,25.00,Physical Security,In Stock,https://ca.store.ui.com/ca/en/products/g4-dome-arm-mount,Exact,2026-08-19T17:31:41+00:00
UVC-G5-Bullet,Camera G5 Bullet,179.00,Physical Security,In Stock,https://ca.store.ui.com/ca/en/products/uvc-g5-bullet,Exact,2026-08-19T17:31:41+00:00
UVC-G5-Bullet-3,Camera G5 Bullet,489.00,Physical Security,In Stock,https://ca.store.ui.com/ca/en/products/uvc-g5-bullet,Exact,2026-08-19T17:31:41+00:00
UVC-G5-Dome,Camera G5 Dome,255.00,Physical Security,In Stock,https://ca.store.ui.com/ca/en/products/uvc-g5-dome,Exact,2026-08-19T17:31:41+00:00
UVC-G5-Dome-3,Camera G5 Dome,719.00,Physical Security,In Stock,https://ca.store.ui.com/ca/en/products/uvc-g5-dome,Exact,2026-08-19T17:31:41+00:00
UVC-G5-Dome-Ultra,Camera G5 Dome Ultra,169.00,Physical Security,In Stock,https://ca.store.ui.com/ca/en/products/uvc-g5-dome-ultra,Exact,2026-08-19T17:31:41+00:00
UVC-G5-Dome-Ultra-B,Camera G5 Dome Ultra,169.00,Physical Security,In Stock,https://ca.store.ui.com/ca/en/products/uvc-g5-dome-ultra,Exact,2026-08-19T17:31:41+00:00
UVC-G5-Flex,Camera G5 Flex,179.00,Physical Security,In Stock,https://ca.store.ui.com/ca/en/products/uvc-g5-flex,Exact,2026-08-19T17:31:41+00:00
UVC-G5-Pro,Camera G5 Pro,545.00,Physical Security,In Stock,https://ca.store.ui.com/ca/en/products/uvc-g5-pro,Exact,2026-08-19T17:31:41+00:00
UVC-G5-PTZ,Camera G5 PTZ,429.00,Physical Security,In Stock,https://ca.store.ui.com/ca/en/products/uvc-g5-ptz,Exact,2026-08-19T17:31:41+00:00
UVC-G5-PTZ-B,Camera G5 PTZ,429.00,Physical Security,In Stock,https://ca.store.ui.com/ca/en/products/uvc-g5-ptz,Exact,2026-08-19T17:31:41+00:00
UVC-G5-Turret-Ultra,Camera G5 Turret Ultra,169.00,Physical Security,In Stock,https://ca.store.ui.com/ca/en/products/uvc-g5-turret-ultra,Exact,2026-08-19T17:31:41+00:00
UVC-G5-Turret-Ultra-B,Camera G5 Turret Ultra,169.00,Physical Security,In Stock,https://ca.store.ui.com/ca/en/products/uvc-g5-turret-ultra,Exact,2026-08-19T17:31:41+00:00
UVC-G6-180-B,Camera G6 180,429.00,Physical Security,In Stock,https://ca.store.ui.com/ca/en/products/uvc-g6-180,Exact,2026-08-19T17:31:41+00:00
UVC-G6-180-W,Camera G6 180,429.00,Physical Security,In Stock,https://ca.store.ui.com/ca/en/products/uvc-g6-180,Exact,2026-08-19T17:31:41+00:00
UVC-G6-Bullet-B,Camera G6 Bullet,285.00,Physical Security,In Stock,https://ca.store.ui.com/ca/en/products/uvc-g6-bullet,Exact,2026-08-19T17:31:41+00:00
UVC-G6-Bullet-W,Camera G6 Bullet,285.00,Physical Security,In Stock,https://ca.store.ui.com/ca/en/products/uvc-g6-bullet,Exact,2026-08-19T17:31:41+00:00
UVC-G6-Dome-B,Camera G6 Dome,400.00,Physical Security,In Stock,https://ca.store.ui.com/ca/en/products/uvc-g6-dome,Exact,2026-08-19T17:31:41+00:00
UVC-G6-Dome-W,Camera G6 Dome,400.00,Physical Security,In Stock,https://ca.store.ui.com/ca/en/products/uvc-g6-dome,Exact,2026-08-19T17:31:41+00:00
UVC-G6-Edge-Bullet,Camera G6 Edge Bullet,1005.00,Physical Security,Coming Soon,https://ca.store.ui.com/ca/en/products/uvc-g6-edge-bullet,Exact,2026-08-19T17:31:41+00:00
UVC-G6-Edge-Turret,Camera G6 Edge Turret,1005.00,Physical Security,Coming Soon,https://ca.store.ui.com/ca/en/products/uvc-g6-edge-turret,Exact,2026-08-19T17:31:41+00:00
UVC-G6-INS-W-US,Camera G6 Instant,255.00,Physical Security,In Stock,https://ca.store.ui.com/ca/en/products/uvc-g6-ins,Exact,2026-08-19T17:31:41+00:00
UVC-G6-Mini-Dome-B,Camera G6 Mini Dome,429.00,Physical Security,Coming Soon,https://ca.store.ui.com/ca/en/products/uvc-g6-mini-dome,Exact,2026-08-19T17:31:41+00:00
UVC-G6-Mini-Dome-W,Camera G6 Mini Dome,429.00,Physical Security,In Stock,https://ca.store.ui.com/ca/en/products/uvc-g6-mini-dome,Exact,2026-08-19T17:31:41+00:00
UVC-G6-Pro-360-B,Camera G6 Pro 360,715.00,Physical Security,In Stock,https://ca.store.ui.com/ca/en/products/uvc-g6-pro-360,Exact,2026-08-19T17:31:41+00:00
UVC-G6-Pro-360-W,Camera G6 Pro 360,715.00,Physical Security,In Stock,https://ca.store.ui.com/ca/en/products/uvc-g6-pro-360,Exact,2026-08-19T17:31:41+00:00
UVC-G6-Pro-Bullet-B,Camera G6 Pro Bullet,685.00,Physical Security,In Stock,https://ca.store.ui.com/ca/en/products/uvc-g6-pro-bullet,Exact,2026-08-19T17:31:41+00:00
UVC-G6-Pro-Bullet-W,Camera G6 Pro Bullet,685.00,Physical Security,In Stock,https://ca.store.ui.com/ca/en/products/uvc-g6-pro-bullet,Exact,2026-08-19T17:31:41+00:00
UVC-G6-Pro-Dome-B,Camera G6 Pro Dome,715.00,Physical Security,In Stock,https://ca.store.ui.com/ca/en/products/uvc-g6-pro-dome,Exact,2026-08-19T17:31:41+00:00
UVC-G6-Pro-Dome-W,Camera G6 Pro Dome,715.00,Physical Security,In Stock,https://ca.store.ui.com/ca/en/products/uvc-g6-pro-dome,Exact,2026-08-19T17:31:41+00:00
UVC-G6-Pro-Turret-B,Camera G6 Pro Turret,685.00,Physical Security,In Stock,https://ca.store.ui.com/ca/en/products/uvc-g6-pro-turret,Exact,2026-08-19T17:31:41+00:00
UVC-G6-Pro-Turret-W,Camera G6 Pro Turret,685.00,Physical Security,In Stock,https://ca.store.ui.com/ca/en/products/uvc-g6-pro-turret,Exact,2026-08-19T17:31:41+00:00
UVC-G6-PTZ-B,Camera G6 PTZ,570.00,Physical Security,In Stock,https://ca.store.ui.com/ca/en/products/uvc-g6-ptz,Exact,2026-08-19T17:31:41+00:00
UVC-G6-PTZ-W,Camera G6 PTZ,570.00,Physical Security,In Stock,https://ca.store.ui.com/ca/en/products/uvc-g6-ptz,Exact,2026-08-19T17:31:41+00:00
UACC-G6-PTZ-ICM-B,Camera G6 PTZ In-Ceiling Mount,55.00,Physical Security,In Stock,https://ca.store.ui.com/ca/en/products/uacc-g6-ptz-icm,Exact,2026-08-19T17:31:41+00:00
UACC-G6-PTZ-ICM-W,Camera G6 PTZ In-Ceiling Mount,55.00,Physical Security,In Stock,https://ca.store.ui.com/ca/en/products/uacc-g6-ptz-icm,Exact,2026-08-19T17:31:41+00:00
UVC-G6-Turret-B,Camera G6 Turret,285.00,Physical Security,In Stock,https://ca.store.ui.com/ca/en/products/uvc-g6-turret,Exact,2026-08-19T17:31:41+00:00
UVC-G6-Turret-W,Camera G6 Turret,285.00,Physical Security,In Stock,https://ca.store.ui.com/ca/en/products/uvc-g6-turret,Exact,2026-08-19T17:31:41+00:00
UACC-Camera-JB-B,Camera Junction Box,65.00,Physical Security,Out of Stock,https://ca.store.ui.com/ca/en/products/uacc-camera-jb,Exact,2026-08-19T17:31:41+00:00
UACC-Camera-JB-W,Camera Junction Box,65.00,Physical Security,In Stock,https://ca.store.ui.com/ca/en/products/uacc-camera-jb,Exact,2026-08-19T17:31:41+00:00
UCK-G2-SSD,CloudKey+ SSD,355.00,Physical Security,In Stock,https://ca.store.ui.com/ca/en/products/uck-g2-ssd,Exact,2026-08-19T17:31:41+00:00
UACC-AI-Pro-Dome-WS-W,Dome Camera Weather Shield,21.00,Physical Security,In Stock,https://ca.store.ui.com/ca/en/products/uacc-dome-ws,Exact,2026-08-19T17:31:41+00:00
UACC-Dome-WS-B,Dome Camera Weather Shield,21.00,Physical Security,In Stock,https://ca.store.ui.com/ca/en/products/uacc-dome-ws,Exact,2026-08-19T17:31:41+00:00
UVC-Doorbell-Lite-B,Doorbell Lite,140.00,Physical Security,In Stock,https://ca.store.ui.com/ca/en/products/uvc-doorbell-lite,Exact,2026-08-19T17:31:41+00:00
UVC-Doorbell-Lite-W,Doorbell Lite,140.00,Physical Security,In Stock,https://ca.store.ui.com/ca/en/products/uvc-doorbell-lite,Exact,2026-08-19T17:31:41+00:00
UACC-DB-GB-Plate-B,Doorbell Lite Gang Box Mounting Plate,27.00,Physical Security,Out of Stock,https://ca.store.ui.com/ca/en/products/uacc-db-gb-plate,Exact,2026-08-19T17:31:41+00:00
UACC-DBL-GB-Plate-W,Doorbell Lite Gang Box Mounting Plate,27.00,Physical Security,In Stock,https://ca.store.ui.com/ca/en/products/uacc-db-gb-plate,Exact,2026-08-19T17:31:41+00:00
ENVR,Enterprise NVR,2679.00,Physical Security,In Stock,https://ca.store.ui.com/ca/en/products/envr,Exact,2026-08-19T17:31:41+00:00
ENVR-Core,Enterprise NVR Core,7170.00,Physical Security,In Stock,https://ca.store.ui.com/ca/en/products/envr-core,Exact,2026-08-19T17:31:41+00:00
USL-Entry-3-US,Entry Sensor,140.00,Physical Security,In Stock,https://ca.store.ui.com/ca/en/products/usl-entry,Exact,2026-08-19T17:31:41+00:00
USL-Entry-US,Entry Sensor,55.00,Physical Security,In Stock,https://ca.store.ui.com/ca/en/products/usl-entry,Exact,2026-08-19T17:31:41+00:00
USL-Environmental-US,Environmental Sensor,70.00,Physical Security,In Stock,https://ca.store.ui.com/ca/en/products/usl-environmental,Exact,2026-08-19T17:31:41+00:00
UVC-G3-F-C,Flex In-Ceiling Mount,29.00,Physical Security,Out of Stock,https://ca.store.ui.com/ca/en/products/uvc-g3-f-c,Exact,2026-08-19T17:31:41+00:00
UVC-G3-F-C-3,Flex In-Ceiling Mount,69.00,Physical Security,In Stock,https://ca.store.ui.com/ca/en/products/uvc-g3-f-c,Exact,2026-08-19T17:31:41+00:00
UVC-G3-F-PENDANT,Flex Pendant Mount,14.00,Physical Security,In Stock,https://ca.store.ui.com/ca/en/products/uvc-g3-f-pendant,Exact,2026-08-19T17:31:41+00:00
UVC-G3-F-PENDANT-3,Flex Pendant Mount,35.00,Physical Security,In Stock,https://ca.store.ui.com/ca/en/products/uvc-g3-f-pendant,Exact,2026-08-19T17:31:41+00:00
UACC-Flex-Cam-PWM-Black,Flex Pro Mount,19.00,Physical Security,Out of Stock,https://ca.store.ui.com/ca/en/products/uacc-flex-cam-pwm,Exact,2026-08-19T17:31:41+00:00
UACC-Flex-Cam-PWM-Black-3,Flex Pro Mount,49.00,Physical Security,In Stock,https://ca.store.ui.com/ca/en/products/uacc-flex-cam-pwm,Exact,2026-08-19T17:31:41+00:00
UACC-Flex-Cam-PWM-White,Flex Pro Mount,19.00,Physical Security,In Stock,https://ca.store.ui.com/ca/en/products/uacc-flex-cam-pwm,Exact,2026-08-19T17:31:41+00:00
UACC-Flex-Cam-PWM-White-3,Flex Pro Mount,49.00,Physical Security,In Stock,https://ca.store.ui.com/ca/en/products/uacc-flex-cam-pwm,Exact,2026-08-19T17:31:41+00:00
UVC-G4-IRExtender,G4 Bullet IR Enhancer,109.00,Physical Security,In Stock,https://ca.store.ui.com/ca/en/products/uvc-g4-ir-extender,Exact,2026-08-19T17:31:41+00:00
UVC-G4-DB-Cover-Black,G4 Doorbell Cover,20.00,Physical Security,In Stock,https://ca.store.ui.com/ca/en/products/unifi-g4-doorbell-cover,Exact,2026-08-19T17:31:41+00:00
UVC-G4-DB-Cover-Brick,G4 Doorbell Cover,20.00,Physical Security,In Stock,https://ca.store.ui.com/ca/en/products/unifi-g4-doorbell-cover,Exact,2026-08-19T17:31:41+00:00
UVC-G4-DB-Cover-Concrete,G4 Doorbell Cover,20.00,Physical Security,In Stock,https://ca.store.ui.com/ca/en/products/unifi-g4-doorbell-cover,Exact,2026-08-19T17:31:41+00:00
UVC-G4-DB-Cover-Fabric,G4 Doorbell Cover,20.00,Physical Security,In Stock,https://ca.store.ui.com/ca/en/products/unifi-g4-doorbell-cover,Exact,2026-08-19T17:31:41+00:00
UVC-G4-DB-Cover-Silver,G4 Doorbell Cover,20.00,Physical Security,In Stock,https://ca.store.ui.com/ca/en/products/unifi-g4-doorbell-cover,Exact,2026-08-19T17:31:41+00:00
UVC-G4-DB-Cover-Wood,G4 Doorbell Cover,20.00,Physical Security,In Stock,https://ca.store.ui.com/ca/en/products/unifi-g4-doorbell-cover,Exact,2026-08-19T17:31:41+00:00
UVC-G4-Doorbell-PS-US,G4 Doorbell Power Supply,39.00,Physical Security,In Stock,https://ca.store.ui.com/ca/en/products/unifi-g4-doorbell-power-supply,Exact,2026-08-19T17:31:41+00:00
uvc-g4-doorbell-pro,G4 Doorbell Pro,409.00,Physical Security,Out of Stock,https://ca.store.ui.com/ca/en/products/uvc-g4-doorbell-pro,Exact,2026-08-19T17:31:41+00:00
UACC-Adapter-DBAC-US,G4 Doorbell Pro AC Adapter,40.00,Physical Security,In Stock,https://ca.store.ui.com/ca/en/products/uacc-adapter-dbac-us,Exact,2026-08-19T17:31:41+00:00
UACC-G4-DB-Pro-Cover-Brick,G4 Doorbell Pro Cover,39.00,Physical Security,In Stock,https://ca.store.ui.com/ca/en/products/uacc-g4-db-pro-cover,Exact,2026-08-19T17:31:41+00:00
UACC-G4-DB-Pro-Cover-Concrete,G4 Doorbell Pro Cover,39.00,Physical Security,In Stock,https://ca.store.ui.com/ca/en/products/uacc-g4-db-pro-cover,Exact,2026-08-19T17:31:41+00:00
UACC-G4-DB-Pro-Cover-Silver,G4 Doorbell Pro Cover,39.00,Physical Security,In Stock,https://ca.store.ui.com/ca/en/products/uacc-g4-db-pro-cover,Exact,2026-08-19T17:31:41+00:00
UACC-G4-DB-Pro-Cover-White,G4 Doorbell Pro Cover,39.00,Physical Security,In Stock,https://ca.store.ui.com/ca/en/products/uacc-g4-db-pro-cover,Exact,2026-08-19T17:31:41+00:00
UACC-G4-DB-Pro-Cover-Wood,G4 Doorbell Pro Cover,39.00,Physical Security,In Stock,https://ca.store.ui.com/ca/en/products/uacc-g4-db-pro-cover,Exact,2026-08-19T17:31:41+00:00
uacc-g4-doorbell-pro-poe-gang-box,G4 Doorbell Pro PoE Gang Box Mount,50.00,Physical Security,In Stock,https://ca.store.ui.com/ca/en/products/uacc-g4-doorbell-pro-poe-gang-box,Exact,2026-08-19T17:31:41+00:00
uvc-g4-doorbell-pro-poe-kit,G4 Doorbell Pro PoE Kit,519.00,Physical Security,Out of Stock,https://ca.store.ui.com/ca/en/products/uvc-g4-doorbell-pro-poe-kit,Exact,2026-08-19T17:31:41+00:00
UACC-G5-Dome-Ultra-FM-B,G5 Dome Ultra Flush Mount,49.00,Physical Security,In Stock,https://ca.store.ui.com/ca/en/products/uacc-g5-dome-ultra-fm,Exact,2026-08-19T17:31:41+00:00
UACC-G5-Dome-Ultra-FM-SB-B,G5 Dome Ultra Flush Mount,55.00,Physical Security,In Stock,https://ca.store.ui.com/ca/en/products/uacc-g5-dome-ultra-fm-sb,Exact,2026-08-19T17:31:41+00:00
UACC-G5-Dome-Ultra-FM-SB-W,G5 Dome Ultra Flush Mount,55.00,Physical Security,In Stock,https://ca.store.ui.com/ca/en/products/uacc-g5-dome-ultra-fm-sb,Exact,2026-08-19T17:31:41+00:00
UACC-G5-Dome-Ultra-FM-W,G5 Dome Ultra Flush Mount,49.00,Physical Security,In Stock,https://ca.store.ui.com/ca/en/products/uacc-g5-dome-ultra-fm,Exact,2026-08-19T17:31:41+00:00
UACC-G5-Enhancer,G5 Pro Long-Range IR LED & Floodlight,135.00,Physical Security,In Stock,https://ca.store.ui.com/ca/en/products/uacc-g5-enhancer,Exact,2026-08-19T17:31:41+00:00
UACC-G5-PTZ-ICM,G5 PTZ In-Ceiling Mount,41.00,Physical Security,In Stock,https://ca.store.ui.com/ca/en/products/uacc-g5-ptz-icm,Exact,2026-08-19T17:31:41+00:00
UACC-G5-PTZ-ICM-SB-B,G5 PTZ In-Ceiling Mount,41.00,Physical Security,In Stock,https://ca.store.ui.com/ca/en/products/uacc-g5-ptz-icm,Exact,2026-08-19T17:31:41+00:00
UACC-G5-PTZ-SM,G5 PTZ Surface Mount,39.00,Physical Security,In Stock,https://ca.store.ui.com/ca/en/products/uacc-g5-ptz-sm,Exact,2026-08-19T17:31:41+00:00
UACC-G5-PTZ-SM-B,G5 PTZ Surface Mount,39.00,Physical Security,In Stock,https://ca.store.ui.com/ca/en/products/uacc-g5-ptz-sm,Exact,2026-08-19T17:31:41+00:00
UACC-G6-180-FM-B,G6 180 Camera Flush Mount,41.00,Physical Security,In Stock,https://ca.store.ui.com/ca/en/products/uacc-g6-180-fm,Exact,2026-08-19T17:31:41+00:00
UACC-G6-180-FM-W,G6 180 Camera Flush Mount,41.00,Physical Security,In Stock,https://ca.store.ui.com/ca/en/products/uacc-g6-180-fm,Exact,2026-08-19T17:31:41+00:00
UACC-G6-180-PM-B,G6 180 Camera Pendant Mount,41.00,Physical Security,In Stock,https://ca.store.ui.com/ca/en/products/uacc-g6-180-pm,Exact,2026-08-19T17:31:41+00:00
UACC-G6-180-PM-W,G6 180 Camera Pendant Mount,41.00,Physical Security,In Stock,https://ca.store.ui.com/ca/en/products/uacc-g6-180-pm,Exact,2026-08-19T17:31:41+00:00
UACC-G6-180-Enhancer-B,G6 180 Enhancer,185.00,Physical Security,Out of Stock,https://ca.store.ui.com/ca/en/products/uacc-g6-180-enhancer,Exact,2026-08-19T17:31:41+00:00
UACC-G6-180-Enhancer-W,G6 180 Enhancer,185.00,Physical Security,Coming Soon,https://ca.store.ui.com/ca/en/products/uacc-g6-180-enhancer,Exact,2026-08-19T17:31:41+00:00
UACC-G6-Dome-FM-B,G6 Dome Camera Flush Mount,55.00,Physical Security,In Stock,https://ca.store.ui.com/ca/en/products/uacc-g6-dome-fm,Exact,2026-08-19T17:31:41+00:00
UACC-G6-Dome-FM-W,G6 Dome Camera Flush Mount,55.00,Physical Security,In Stock,https://ca.store.ui.com/ca/en/products/uacc-g6-dome-fm,Exact,2026-08-19T17:31:41+00:00
UACC-G6-Dome-FMS-B,G6 Dome Camera Flush Mount,55.00,Physical Security,In Stock,https://ca.store.ui.com/ca/en/products/uacc-g6-dome-fms,Exact,2026-08-19T17:31:41+00:00
UACC-G6-Dome-FMS-W,G6 Dome Camera Flush Mount,55.00,Physical Security,In Stock,https://ca.store.ui.com/ca/en/products/uacc-g6-dome-fms,Exact,2026-08-19T17:31:41+00:00
UACC-G6-Dome-WS-B,G6 Dome Camera Weather Shield,41.00,Physical Security,In Stock,https://ca.store.ui.com/ca/en/products/uacc-g6-dome-ws,Exact,2026-08-19T17:31:41+00:00
UACC-G6-Dome-WS-W,G6 Dome Camera Weather Shield,41.00,Physical Security,In Stock,https://ca.store.ui.com/ca/en/products/uacc-g6-dome-ws,Exact,2026-08-19T17:31:41+00:00
UACC-G6-Pro-360-FM-B,G6 Pro 360 Flush Mount,55.00,Physical Security,In Stock,https://ca.store.ui.com/ca/en/products/uacc-g6-pro-360-fm,Exact,2026-08-19T17:31:41+00:00
UACC-G6-Pro-360-FM-W,G6 Pro 360 Flush Mount,55.00,Physical Security,In Stock,https://ca.store.ui.com/ca/en/products/uacc-g6-pro-360-fm,Exact,2026-08-19T17:31:41+00:00
UACC-G5-PTZ-CA,G6/G5 PTZ Conduit Adapter,39.00,Physical Security,In Stock,https://ca.store.ui.com/ca/en/products/uacc-g5-ptz-ca,Exact,2026-08-19T17:31:41+00:00
UACC-G5-PTZ-CA-B,G6/G5 PTZ Conduit Adapter,39.00,Physical Security,In Stock,https://ca.store.ui.com/ca/en/products/uacc-g5-ptz-ca,Exact,2026-08-19T17:31:41+00:00
UACC-G5-PTZ-CM,G6/G5 PTZ Corner Mount,27.00,Physical Security,In Stock,https://ca.store.ui.com/ca/en/products/uacc-g5-ptz-cm,Exact,2026-08-19T17:31:41+00:00
UACC-G5-PTZ-CM-B,G6/G5 PTZ Corner Mount,27.00,Physical Security,In Stock,https://ca.store.ui.com/ca/en/products/uacc-g5-ptz-cm,Exact,2026-08-19T17:31:41+00:00
UACC-G5-PTZ-PM,G6/G5 PTZ Pendant Mount,21.00,Physical Security,In Stock,https://ca.store.ui.com/ca/en/products/uacc-g5-ptz-pm,Exact,2026-08-19T17:31:41+00:00
UACC-G5-PTZ-PM-B,G6/G5 PTZ Pendant Mount,21.00,Physical Security,In Stock,https://ca.store.ui.com/ca/en/products/uacc-g5-ptz-pm,Exact,2026-08-19T17:31:41+00:00
UACC-GB-Plate-B,Gang Box Mounting Plate,55.00,Physical Security,In Stock,https://ca.store.ui.com/ca/en/products/uacc-gb-plate,Exact,2026-08-19T17:31:41+00:00
UACC-GB-Plate-W,Gang Box Mounting Plate,55.00,Physical Security,In Stock,https://ca.store.ui.com/ca/en/products/uacc-gb-plate,Exact,2026-08-19T17:31:41+00:00
USL-GlassBreak-US,Glass Break Sensor,85.00,Physical Security,In Stock,https://ca.store.ui.com/ca/en/products/usl-glassbreak,Exact,2026-08-19T17:31:41+00:00
USL-Motion-3-US,Motion Sensor,185.00,Physical Security,In Stock,https://ca.store.ui.com/ca/en/products/usl-motion,Exact,2026-08-19T17:31:41+00:00
USL-Motion-US,Motion Sensor,70.00,Physical Security,In Stock,https://ca.store.ui.com/ca/en/products/usl-motion,Exact,2026-08-19T17:31:41+00:00
UNVR,Network Video Recorder,399.00,Physical Security,In Stock,https://ca.store.ui.com/ca/en/products/unvr,Exact,2026-08-19T17:31:41+00:00
UNVR-G2,Network Video Recorder G2,1005.00,Physical Security,In Stock,https://ca.store.ui.com/ca/en/products/unvr-g2,Exact,2026-08-19T17:31:41+00:00
UNVR-G2-Pro,Network Video Recorder G2 Pro,1435.00,Physical Security,In Stock,https://ca.store.ui.com/ca/en/products/unvr-g2-pro,Exact,2026-08-19T17:31:41+00:00
UNVR-Instant-US,Network Video Recorder Instant,285.00,Physical Security,In Stock,https://ca.store.ui.com/ca/en/products/unvr-instant,Exact,2026-08-19T17:31:41+00:00
UNVR-Instant-Kit-US,Network Video Recorder Instant Kit,959.00,Physical Security,In Stock,https://ca.store.ui.com/ca/en/products/unvr-instant-kit,Exact,2026-08-19T17:31:41+00:00
UNVR-Pro,Network Video Recorder Pro,669.00,Physical Security,In Stock,https://ca.store.ui.com/ca/en/products/unvr-pro,Exact,2026-08-19T17:31:41+00:00
UACC-Chime-PoE,PoE Smart Chime,105.00,Physical Security,In Stock,https://ca.store.ui.com/ca/en/products/uacc-chime-poe,Exact,2026-08-19T17:31:41+00:00
UACC-Adapter-PoE-USBC,PoE to USB-C Adapter,65.00,Physical Security,In Stock,https://ca.store.ui.com/ca/en/products/uacc-adapter-poe-usbc,Exact,2026-08-19T17:31:41+00:00
UACC-Pro-Bullet-Enhancer-B,Pro Bullet Enhancer,239.00,Physical Security,In Stock,https://ca.store.ui.com/ca/en/products/uacc-pro-bullet-enhancer,Exact,2026-08-19T17:31:41+00:00
UACC-Pro-Bullet-Enhancer-W,Pro Bullet Enhancer,239.00,Physical Security,In Stock,https://ca.store.ui.com/ca/en/products/uacc-pro-bullet-enhancer,Exact,2026-08-19T17:31:41+00:00
UP-AlarmHub-Kit,Protect Alarm Hub Kit,570.00,Physical Security,In Stock,https://ca.store.ui.com/ca/en/products/up-alarmhub-kit,Exact,2026-08-19T17:31:41+00:00
UP-Sense,Protect All-In-One Sensor,79.00,Physical Security,In Stock,https://ca.store.ui.com/ca/en/products/up-sense,Exact,2026-08-19T17:31:41+00:00
UP-Sense-3,Protect All-In-One Sensor,229.00,Physical Security,In Stock,https://ca.store.ui.com/ca/en/products/up-sense,Exact,2026-08-19T17:31:41+00:00
UP-FloodLight,Protect Floodlight,135.00,Physical Security,In Stock,https://ca.store.ui.com/ca/en/products/up-floodlight,Exact,2026-08-19T17:31:41+00:00
USL-Relay-US,Protect Relay,55.00,Physical Security,In Stock,https://ca.store.ui.com/ca/en/products/usl-relay,Exact,2026-08-19T17:31:41+00:00
UP-Viewport,Protect Viewport,269.00,Physical Security,In Stock,https://ca.store.ui.com/ca/en/products/ufp-viewport,Exact,2026-08-19T17:31:41+00:00
USL-FOB-US,Remote Control KeyFob,55.00,Physical Security,In Stock,https://ca.store.ui.com/ca/en/products/usl-fob,Exact,2026-08-19T17:31:41+00:00
USL-Siren-US,Siren,155.00,Physical Security,In Stock,https://ca.store.ui.com/ca/en/products/usl-siren,Exact,2026-08-19T17:31:41+00:00
UP-Siren-PoE,Siren PoE,155.00,Physical Security,In Stock,https://ca.store.ui.com/ca/en/products/up-siren-poe,Exact,2026-08-19T17:31:41+00:00
USL-Smoke-US,Smoke and CO Alarm,129.00,Physical Security,Coming Soon,https://ca.store.ui.com/ca/en/products/usl-smoke,Exact,2026-08-19T17:31:41+00:00
USL-Gateway-US,SuperLink Gateway,185.00,Physical Security,In Stock,https://ca.store.ui.com/ca/en/products/usl-gateway,Exact,2026-08-19T17:31:41+00:00
USL-G2-Gateway-HA-US,SuperLink Gateway HA,285.00,Physical Security,Coming Soon,https://ca.store.ui.com/ca/en/products/usl-g2-gateway-ha,Exact,2026-08-19T17:31:41+00:00
UACC-USL-ANT-HG,SuperLink High-Gain Antenna,70.00,Physical Security,In Stock,https://ca.store.ui.com/ca/en/products/uacc-usl-ant-hg,Exact,2026-08-19T17:31:41+00:00
UACC-AI-360-JB-W,uacc-ai-360-jb-w,70.00,Physical Security,Unknown,https://ca.store.ui.com/ca/en/products/uacc-ai-360-jb-w,Exact,2026-08-19T17:31:41+00:00
UACC-AI-MS-2-AM-W,uacc-ai-ms-2-am-w,55.00,Physical Security,Unknown,https://ca.store.ui.com/ca/en/products/uacc-ai-ms-2-am-w,Exact,2026-08-19T17:31:41+00:00
UACC-AI-MS-2-PM-W,uacc-ai-ms-2-pm-w,27.00,Physical Security,Unknown,https://ca.store.ui.com/ca/en/products/uacc-ai-ms-2-pm-w,Exact,2026-08-19T17:31:41+00:00
UACC-AI-MS-2-WS-W,uacc-ai-ms-2-ws-w,27.00,Physical Security,Unknown,https://ca.store.ui.com/ca/en/products/uacc-ai-ms-2-ws-w,Exact,2026-08-19T17:31:41+00:00
UACC-AI-MS-4-AM-B,uacc-ai-ms-4-am-b,285.00,Physical Security,Unknown,https://ca.store.ui.com/ca/en/products/uacc-ai-ms-4-am-b,Exact,2026-08-19T17:31:41+00:00
UACC-AI-MS-4-AM-W,uacc-ai-ms-4-am-w,285.00,Physical Security,Unknown,https://ca.store.ui.com/ca/en/products/uacc-ai-ms-4-am-w,Exact,2026-08-19T17:31:41+00:00
UACC-AI-MS-4-PM-B,uacc-ai-ms-4-pm-b,140.00,Physical Security,Unknown,https://ca.store.ui.com/ca/en/products/uacc-ai-ms-4-pm-b,Exact,2026-08-19T17:31:41+00:00
UACC-AI-MS-4-PM-W,uacc-ai-ms-4-pm-w,140.00,Physical Security,Unknown,https://ca.store.ui.com/ca/en/products/uacc-ai-ms-4-pm-w,Exact,2026-08-19T17:31:41+00:00
UACC-AI-Pro-Dome-FM-W,uacc-ai-pro-dome-fm-w,21.00,Physical Security,Unknown,https://ca.store.ui.com/ca/en/products/uacc-ai-pro-dome-fm-w,Exact,2026-08-19T17:31:41+00:00
UACC-AI-Pro-Dome-WS-W,uacc-ai-pro-dome-ws-w,21.00,Physical Security,Unknown,https://ca.store.ui.com/ca/en/products/uacc-ai-pro-dome-ws-w,Exact,2026-08-19T17:31:41+00:00
UACC-AI-Pro-Enhancer-W,uacc-ai-pro-enhancer-w,239.00,Physical Security,Unknown,https://ca.store.ui.com/ca/en/products/uacc-ai-pro-enhancer-w,Exact,2026-08-19T17:31:41+00:00
UACC-AI-PTZ-Precision-CM-B,uacc-ai-ptz-precision-cm-b,55.00,Physical Security,Unknown,https://ca.store.ui.com/ca/en/products/uacc-ai-ptz-precision-cm-b,Exact,2026-08-19T17:31:41+00:00
UACC-AI-PTZ-Precision-CM-W,uacc-ai-ptz-precision-cm-w,55.00,Physical Security,Unknown,https://ca.store.ui.com/ca/en/products/uacc-ai-ptz-precision-cm-w,Exact,2026-08-19T17:31:41+00:00
UACC-AI-PTZ-Precision-PM-B,uacc-ai-ptz-precision-pm-b,129.00,Physical Security,Unknown,https://ca.store.ui.com/ca/en/products/uacc-ai-ptz-precision-pm-b,Exact,2026-08-19T17:31:41+00:00
UACC-AI-PTZ-Precision-PM-W,uacc-ai-ptz-precision-pm-w,129.00,Physical Security,Unknown,https://ca.store.ui.com/ca/en/products/uacc-ai-ptz-precision-pm-w,Exact,2026-08-19T17:31:41+00:00
UACC-AI-Theta-Audio-Cable-1M,uacc-ai-theta-audio-cable-1m,25.00,Physical Security,Unknown,https://ca.store.ui.com/ca/en/products/uacc-ai-theta-audio-cable-1m,Exact,2026-08-19T17:31:41+00:00
UACC-AI-Theta-Video-Cable-1M,uacc-ai-theta-video-cable-1m,39.00,Physical Security,Unknown,https://ca.store.ui.com/ca/en/products/uacc-ai-theta-video-cable-1m,Exact,2026-08-19T17:31:41+00:00
UACC-Bullet-AB-B,uacc-bullet-ab-b,25.00,Physical Security,Unknown,https://ca.store.ui.com/ca/en/products/uacc-bullet-ab-b,Exact,2026-08-19T17:31:41+00:00
UACC-Bullet-AB-W,uacc-bullet-ab-w,25.00,Physical Security,Unknown,https://ca.store.ui.com/ca/en/products/uacc-bullet-ab-w,Exact,2026-08-19T17:31:41+00:00
UACC-Camera-AM-B,uacc-camera-am-b,65.00,Physical Security,Unknown,https://ca.store.ui.com/ca/en/products/uacc-camera-am-b,Exact,2026-08-19T17:31:41+00:00
UACC-Camera-AM-W,uacc-camera-am-w,65.00,Physical Security,Unknown,https://ca.store.ui.com/ca/en/products/uacc-camera-am-w,Exact,2026-08-19T17:31:41+00:00
UACC-Camera-CJB-B,uacc-camera-cjb-b,65.00,Physical Security,Unknown,https://ca.store.ui.com/ca/en/products/uacc-camera-cjb-b,Exact,2026-08-19T17:31:41+00:00
UACC-Camera-CJB-W,uacc-camera-cjb-w,65.00,Physical Security,Unknown,https://ca.store.ui.com/ca/en/products/uacc-camera-cjb-w,Exact,2026-08-19T17:31:41+00:00
UACC-Camera-DM-B,uacc-camera-dm-b,85.00,Physical Security,Unknown,https://ca.store.ui.com/ca/en/products/uacc-camera-dm-b,Exact,2026-08-19T17:31:41+00:00
UACC-Camera-DM-W,uacc-camera-dm-w,85.00,Physical Security,Unknown,https://ca.store.ui.com/ca/en/products/uacc-camera-dm-w,Exact,2026-08-19T17:31:41+00:00
UACC-Camera-JB-B,uacc-camera-jb-b,65.00,Physical Security,Unknown,https://ca.store.ui.com/ca/en/products/uacc-camera-jb-b,Exact,2026-08-19T17:31:41+00:00
UACC-Camera-JB-W,uacc-camera-jb-w,65.00,Physical Security,Unknown,https://ca.store.ui.com/ca/en/products/uacc-camera-jb-w,Exact,2026-08-19T17:31:41+00:00
UACC-DB-GB-Plate-B,uacc-db-gb-plate-b,27.00,Physical Security,Unknown,https://ca.store.ui.com/ca/en/products/uacc-db-gb-plate-b,Exact,2026-08-19T17:31:41+00:00
UACC-DBL-GB-Plate-W,uacc-dbl-gb-plate-w,27.00,Physical Security,Unknown,https://ca.store.ui.com/ca/en/products/uacc-dbl-gb-plate-w,Exact,2026-08-19T17:31:41+00:00
UACC-Dome-FM-B,uacc-dome-fm-b,21.00,Physical Security,Unknown,https://ca.store.ui.com/ca/en/products/uacc-dome-fm-b,Exact,2026-08-19T17:31:41+00:00
UACC-Dome-WS-B,uacc-dome-ws-b,21.00,Physical Security,Unknown,https://ca.store.ui.com/ca/en/products/uacc-dome-ws-b,Exact,2026-08-19T17:31:41+00:00
UACC-Flex-Cam-PWM-Black,uacc-flex-cam-pwm-black,19.00,Physical Security,Unknown,https://ca.store.ui.com/ca/en/products/uacc-flex-cam-pwm-black,Exact,2026-08-19T17:31:41+00:00
UACC-Flex-Cam-PWM-Black-3,uacc-flex-cam-pwm-black-3,49.00,Physical Security,Unknown,https://ca.store.ui.com/ca/en/products/uacc-flex-cam-pwm-black-3,Exact,2026-08-19T17:31:41+00:00
UACC-Flex-Cam-PWM-White,uacc-flex-cam-pwm-white,19.00,Physical Security,Unknown,https://ca.store.ui.com/ca/en/products/uacc-flex-cam-pwm-white,Exact,2026-08-19T17:31:41+00:00
UACC-Flex-Cam-PWM-White-3,uacc-flex-cam-pwm-white-3,49.00,Physical Security,Unknown,https://ca.store.ui.com/ca/en/products/uacc-flex-cam-pwm-white-3,Exact,2026-08-19T17:31:41+00:00
UACC-G4-DB-Pro-Cover-Brick,uacc-g4-db-pro-cover-brick,39.00,Physical Security,Unknown,https://ca.store.ui.com/ca/en/products/uacc-g4-db-pro-cover-brick,Exact,2026-08-19T17:31:41+00:00
UACC-G4-DB-Pro-Cover-Concrete,uacc-g4-db-pro-cover-concrete,39.00,Physical Security,Unknown,https://ca.store.ui.com/ca/en/products/uacc-g4-db-pro-cover-concrete,Exact,2026-08-19T17:31:41+00:00
UACC-G4-DB-Pro-Cover-Silver,uacc-g4-db-pro-cover-silver,39.00,Physical Security,Unknown,https://ca.store.ui.com/ca/en/products/uacc-g4-db-pro-cover-silver,Exact,2026-08-19T17:31:41+00:00
UACC-G4-DB-Pro-Cover-White,uacc-g4-db-pro-cover-white,39.00,Physical Security,Unknown,https://ca.store.ui.com/ca/en/products/uacc-g4-db-pro-cover-white,Exact,2026-08-19T17:31:41+00:00
UACC-G4-DB-Pro-Cover-Wood,uacc-g4-db-pro-cover-wood,39.00,Physical Security,Unknown,https://ca.store.ui.com/ca/en/products/uacc-g4-db-pro-cover-wood,Exact,2026-08-19T17:31:41+00:00
uacc-g4-dome-arm-mount,uacc-g4-dome-arm-mount,25.00,Physical Security,Unknown,https://ca.store.ui.com/ca/en/products/uacc-g4-dome-arm-mount,Exact,2026-08-19T17:31:41+00:00
uacc-g4-doorbell-pro-poe-gang-box-white,uacc-g4-doorbell-pro-poe-gang-box-white,50.00,Physical Security,Unknown,https://ca.store.ui.com/ca/en/products/uacc-g4-doorbell-pro-poe-gang-box-white,Exact,2026-08-19T17:31:41+00:00
UACC-G4-INS-Cable-USB-4.5M,uacc-g4-ins-cable-usb-4dot5m,25.00,Physical Security,Unknown,https://ca.store.ui.com/ca/en/products/uacc-g4-ins-cable-usb-4dot5m,Exact,2026-08-19T17:31:41+00:00
uacc-g4-ins-cover-dark-grey,uacc-g4-ins-cover-dark-grey,15.00,Physical Security,Unknown,https://ca.store.ui.com/ca/en/products/uacc-g4-ins-cover-dark-grey,Exact,2026-08-19T17:31:41+00:00
UACC-G4-INS-Cover-Grey,uacc-g4-ins-cover-grey,15.00,Physical Security,Unknown,https://ca.store.ui.com/ca/en/products/uacc-g4-ins-cover-grey,Exact,2026-08-19T17:31:41+00:00
uacc-g4-ins-cover-light-grey,uacc-g4-ins-cover-light-grey,15.00,Physical Security,Unknown,https://ca.store.ui.com/ca/en/products/uacc-g4-ins-cover-light-grey,Exact,2026-08-19T17:31:41+00:00
UACC-G5-Dome-Ultra-FM-B,uacc-g5-dome-ultra-fm-b,49.00,Physical Security,Unknown,https://ca.store.ui.com/ca/en/products/uacc-g5-dome-ultra-fm-b,Exact,2026-08-19T17:31:41+00:00
UACC-G5-Dome-Ultra-FM-SB-B,uacc-g5-dome-ultra-fm-sb-b,55.00,Physical Security,Unknown,https://ca.store.ui.com/ca/en/products/uacc-g5-dome-ultra-fm-sb-b,Exact,2026-08-19T17:31:41+00:00
UACC-G5-Dome-Ultra-FM-SB-W,uacc-g5-dome-ultra-fm-sb-w,55.00,Physical Security,Unknown,https://ca.store.ui.com/ca/en/products/uacc-g5-dome-ultra-fm-sb-w,Exact,2026-08-19T17:31:41+00:00
UACC-G5-Dome-Ultra-FM-W,uacc-g5-dome-ultra-fm-w,49.00,Physical Security,Unknown,https://ca.store.ui.com/ca/en/products/uacc-g5-dome-ultra-fm-w,Exact,2026-08-19T17:31:41+00:00
UACC-G5-PTZ-CA-B,uacc-g5-ptz-ca-b,39.00,Physical Security,Unknown,https://ca.store.ui.com/ca/en/products/uacc-g5-ptz-ca-b,Exact,2026-08-19T17:31:41+00:00
UACC-G5-PTZ-CM-B,uacc-g5-ptz-cm-b,27.00,Physical Security,Unknown,https://ca.store.ui.com/ca/en/products/uacc-g5-ptz-cm-b,Exact,2026-08-19T17:31:41+00:00
UACC-G5-PTZ-ICM-SB-B,uacc-g5-ptz-icm-sb-b,41.00,Physical Security,Unknown,https://ca.store.ui.com/ca/en/products/uacc-g5-ptz-icm-sb-b,Exact,2026-08-19T17:31:41+00:00
UACC-G5-PTZ-PM-B,uacc-g5-ptz-pm-b,21.00,Physical Security,Unknown,https://ca.store.ui.com/ca/en/products/uacc-g5-ptz-pm-b,Exact,2026-08-19T17:31:41+00:00
UACC-G5-PTZ-SM-B,uacc-g5-ptz-sm-b,39.00,Physical Security,Unknown,https://ca.store.ui.com/ca/en/products/uacc-g5-ptz-sm-b,Exact,2026-08-19T17:31:41+00:00
UACC-G6-180-Enhancer-B,uacc-g6-180-enhancer-b,185.00,Physical Security,Unknown,https://ca.store.ui.com/ca/en/products/uacc-g6-180-enhancer-b,Exact,2026-08-19T17:31:41+00:00
UACC-G6-180-Enhancer-W,uacc-g6-180-enhancer-w,185.00,Physical Security,Unknown,https://ca.store.ui.com/ca/en/products/uacc-g6-180-enhancer-w,Exact,2026-08-19T17:31:41+00:00
UACC-G6-180-FM-B,uacc-g6-180-fm-b,41.00,Physical Security,Unknown,https://ca.store.ui.com/ca/en/products/uacc-g6-180-fm-b,Exact,2026-08-19T17:31:41+00:00
UACC-G6-180-FM-W,uacc-g6-180-fm-w,41.00,Physical Security,Unknown,https://ca.store.ui.com/ca/en/products/uacc-g6-180-fm-w,Exact,2026-08-19T17:31:41+00:00
UACC-G6-180-PM-B,uacc-g6-180-pm-b,41.00,Physical Security,Unknown,https://ca.store.ui.com/ca/en/products/uacc-g6-180-pm-b,Exact,2026-08-19T17:31:41+00:00
UACC-G6-180-PM-W,uacc-g6-180-pm-w,41.00,Physical Security,Unknown,https://ca.store.ui.com/ca/en/products/uacc-g6-180-pm-w,Exact,2026-08-19T17:31:41+00:00
UACC-G6-Dome-FM-B,uacc-g6-dome-fm-b,55.00,Physical Security,Unknown,https://ca.store.ui.com/ca/en/products/uacc-g6-dome-fm-b,Exact,2026-08-19T17:31:41+00:00
UACC-G6-Dome-FM-W,uacc-g6-dome-fm-w,55.00,Physical Security,Unknown,https://ca.store.ui.com/ca/en/products/uacc-g6-dome-fm-w,Exact,2026-08-19T17:31:41+00:00
UACC-G6-Dome-FMS-B,uacc-g6-dome-fms-b,55.00,Physical Security,Unknown,https://ca.store.ui.com/ca/en/products/uacc-g6-dome-fms-b,Exact,2026-08-19T17:31:41+00:00
UACC-G6-Dome-FMS-W,uacc-g6-dome-fms-w,55.00,Physical Security,Unknown,https://ca.store.ui.com/ca/en/products/uacc-g6-dome-fms-w,Exact,2026-08-19T17:31:41+00:00
UACC-G6-Dome-WS-B,uacc-g6-dome-ws-b,41.00,Physical Security,Unknown,https://ca.store.ui.com/ca/en/products/uacc-g6-dome-ws-b,Exact,2026-08-19T17:31:41+00:00
UACC-G6-Dome-WS-W,uacc-g6-dome-ws-w,41.00,Physical Security,Unknown,https://ca.store.ui.com/ca/en/products/uacc-g6-dome-ws-w,Exact,2026-08-19T17:31:41+00:00
UACC-G6-Pro-360-FM-B,uacc-g6-pro-360-fm-b,55.00,Physical Security,Unknown,https://ca.store.ui.com/ca/en/products/uacc-g6-pro-360-fm-b,Exact,2026-08-19T17:31:41+00:00
UACC-G6-Pro-360-FM-W,uacc-g6-pro-360-fm-w,55.00,Physical Security,Unknown,https://ca.store.ui.com/ca/en/products/uacc-g6-pro-360-fm-w,Exact,2026-08-19T17:31:41+00:00
UACC-G6-PTZ-ICM-B,uacc-g6-ptz-icm-b,55.00,Physical Security,Unknown,https://ca.store.ui.com/ca/en/products/uacc-g6-ptz-icm-b,Exact,2026-08-19T17:31:41+00:00
UACC-G6-PTZ-ICM-W,uacc-g6-ptz-icm-w,55.00,Physical Security,Unknown,https://ca.store.ui.com/ca/en/products/uacc-g6-ptz-icm-w,Exact,2026-08-19T17:31:41+00:00
UACC-GB-Plate-B,uacc-gb-plate-b,55.00,Physical Security,Unknown,https://ca.store.ui.com/ca/en/products/uacc-gb-plate-b,Exact,2026-08-19T17:31:41+00:00
UACC-GB-Plate-W,uacc-gb-plate-w,55.00,Physical Security,Unknown,https://ca.store.ui.com/ca/en/products/uacc-gb-plate-w,Exact,2026-08-19T17:31:41+00:00
UACC-Pro-Bullet-Enhancer-B,uacc-pro-bullet-enhancer-b,239.00,Physical Security,Unknown,https://ca.store.ui.com/ca/en/products/uacc-pro-bullet-enhancer-b,Exact,2026-08-19T17:31:41+00:00
UACC-Pro-Bullet-Enhancer-W,uacc-pro-bullet-enhancer-w,239.00,Physical Security,Unknown,https://ca.store.ui.com/ca/en/products/uacc-pro-bullet-enhancer-w,Exact,2026-08-19T17:31:41+00:00
UNVR-Instant-Kit-US,unvr-instant-kit-us,959.00,Physical Security,Unknown,https://ca.store.ui.com/ca/en/products/unvr-instant-kit-us,Exact,2026-08-19T17:31:41+00:00
UNVR-Instant-US,unvr-instant-us,285.00,Physical Security,Unknown,https://ca.store.ui.com/ca/en/products/unvr-instant-us,Exact,2026-08-19T17:31:41+00:00
UP-AI-Horn-Speaker-B,up-ai-horn-speaker-b,429.00,Physical Security,Unknown,https://ca.store.ui.com/ca/en/products/up-ai-horn-speaker-b,Exact,2026-08-19T17:31:41+00:00
UP-AI-Horn-Speaker-W,up-ai-horn-speaker-w,429.00,Physical Security,Unknown,https://ca.store.ui.com/ca/en/products/up-ai-horn-speaker-w,Exact,2026-08-19T17:31:41+00:00
UP-Sense-3,up-sense-3,229.00,Physical Security,Unknown,https://ca.store.ui.com/ca/en/products/up-sense-3,Exact,2026-08-19T17:31:41+00:00
UP-Viewport,up-viewport,269.00,Physical Security,Unknown,https://ca.store.ui.com/ca/en/products/up-viewport,Exact,2026-08-19T17:31:41+00:00
USL-Entry-3-US,usl-entry-3-us,140.00,Physical Security,Unknown,https://ca.store.ui.com/ca/en/products/usl-entry-3-us,Exact,2026-08-19T17:31:41+00:00
USL-Entry-US,usl-entry-us,55.00,Physical Security,Unknown,https://ca.store.ui.com/ca/en/products/usl-entry-us,Exact,2026-08-19T17:31:41+00:00
USL-Environmental-US,usl-environmental-us,70.00,Physical Security,Unknown,https://ca.store.ui.com/ca/en/products/usl-environmental-us,Exact,2026-08-19T17:31:41+00:00
USL-FOB-US,usl-fob-us,55.00,Physical Security,Unknown,https://ca.store.ui.com/ca/en/products/usl-fob-us,Exact,2026-08-19T17:31:41+00:00
USL-G2-Gateway-HA-US,usl-g2-gateway-ha-us,285.00,Physical Security,Unknown,https://ca.store.ui.com/ca/en/products/usl-g2-gateway-ha-us,Exact,2026-08-19T17:31:41+00:00
USL-Gateway-US,usl-gateway-us,185.00,Physical Security,Unknown,https://ca.store.ui.com/ca/en/products/usl-gateway-us,Exact,2026-08-19T17:31:41+00:00
USL-GlassBreak-US,usl-glassbreak-us,85.00,Physical Security,Unknown,https://ca.store.ui.com/ca/en/products/usl-glassbreak-us,Exact,2026-08-19T17:31:41+00:00
USL-Motion-3-US,usl-motion-3-us,185.00,Physical Security,Unknown,https://ca.store.ui.com/ca/en/products/usl-motion-3-us,Exact,2026-08-19T17:31:41+00:00
USL-Motion-US,usl-motion-us,70.00,Physical Security,Unknown,https://ca.store.ui.com/ca/en/products/usl-motion-us,Exact,2026-08-19T17:31:41+00:00
USL-Relay-US,usl-relay-us,55.00,Physical Security,Unknown,https://ca.store.ui.com/ca/en/products/usl-relay-us,Exact,2026-08-19T17:31:41+00:00
USL-Siren-US,usl-siren-us,155.00,Physical Security,Unknown,https://ca.store.ui.com/ca/en/products/usl-siren-us,Exact,2026-08-19T17:31:41+00:00
USL-Smoke-US,usl-smoke-us,129.00,Physical Security,Unknown,https://ca.store.ui.com/ca/en/products/usl-smoke-us,Exact,2026-08-19T17:31:41+00:00
UVC-AI-360-W,uvc-ai-360-w,540.00,Physical Security,Unknown,https://ca.store.ui.com/ca/en/products/uvc-ai-360-w,Exact,2026-08-19T17:31:41+00:00
UVC-AI-Dome-B,uvc-ai-dome-b,570.00,Physical Security,Unknown,https://ca.store.ui.com/ca/en/products/uvc-ai-dome-b,Exact,2026-08-19T17:31:41+00:00
UVC-AI-Dome-W,uvc-ai-dome-w,570.00,Physical Security,Unknown,https://ca.store.ui.com/ca/en/products/uvc-ai-dome-w,Exact,2026-08-19T17:31:41+00:00
UVC-AI-DSLR-LD,uvc-ai-dslr-ld,2150.00,Physical Security,Unknown,https://ca.store.ui.com/ca/en/products/uvc-ai-dslr-ld,Exact,2026-08-19T17:31:41+00:00
UVC-AI-LPR-B,uvc-ai-lpr-b,715.00,Physical Security,Unknown,https://ca.store.ui.com/ca/en/products/uvc-ai-lpr-b,Exact,2026-08-19T17:31:41+00:00
UVC-AI-MS-2-W,uvc-ai-ms-2-w,1005.00,Physical Security,Unknown,https://ca.store.ui.com/ca/en/products/uvc-ai-ms-2-w,Exact,2026-08-19T17:31:41+00:00
UVC-AI-MS-4-B,uvc-ai-ms-4-b,2580.00,Physical Security,Unknown,https://ca.store.ui.com/ca/en/products/uvc-ai-ms-4-b,Exact,2026-08-19T17:31:41+00:00
UVC-AI-MS-4-W,uvc-ai-ms-4-w,2580.00,Physical Security,Unknown,https://ca.store.ui.com/ca/en/products/uvc-ai-ms-4-w,Exact,2026-08-19T17:31:41+00:00
UVC-AI-Pro-White,uvc-ai-pro-white,715.00,Physical Security,Unknown,https://ca.store.ui.com/ca/en/products/uvc-ai-pro-white,Exact,2026-08-19T17:31:41+00:00
UVC-AI-PTZ-B,uvc-ai-ptz-b,1865.00,Physical Security,Unknown,https://ca.store.ui.com/ca/en/products/uvc-ai-ptz-b,Exact,2026-08-19T17:31:41+00:00
UVC-AI-PTZ-Precision-B,uvc-ai-ptz-precision-b,2869.00,Physical Security,Unknown,https://ca.store.ui.com/ca/en/products/uvc-ai-ptz-precision-b,Exact,2026-08-19T17:31:41+00:00
UVC-AI-PTZ-Precision-W,uvc-ai-ptz-precision-w,2869.00,Physical Security,Unknown,https://ca.store.ui.com/ca/en/products/uvc-ai-ptz-precision-w,Exact,2026-08-19T17:31:41+00:00
UVC-AI-PTZ-W,uvc-ai-ptz-w,1865.00,Physical Security,Unknown,https://ca.store.ui.com/ca/en/products/uvc-ai-ptz-w,Exact,2026-08-19T17:31:41+00:00
UVC-AI-Turret-B,uvc-ai-turret-b,570.00,Physical Security,Unknown,https://ca.store.ui.com/ca/en/products/uvc-ai-turret-b,Exact,2026-08-19T17:31:41+00:00
UVC-AI-Turret-W,uvc-ai-turret-w,570.00,Physical Security,Unknown,https://ca.store.ui.com/ca/en/products/uvc-ai-turret-w,Exact,2026-08-19T17:31:41+00:00
UVC-Doorbell-Lite-B,uvc-doorbell-lite-b,140.00,Physical Security,Unknown,https://ca.store.ui.com/ca/en/products/uvc-doorbell-lite-b,Exact,2026-08-19T17:31:41+00:00
UVC-Doorbell-Lite-W,uvc-doorbell-lite-w,140.00,Physical Security,Unknown,https://ca.store.ui.com/ca/en/products/uvc-doorbell-lite-w,Exact,2026-08-19T17:31:41+00:00
UVC-G3-F-C-3,uvc-g3-f-c-3,69.00,Physical Security,Unknown,https://ca.store.ui.com/ca/en/products/uvc-g3-f-c-3,Exact,2026-08-19T17:31:41+00:00
UVC-G3-F-PENDANT-3,uvc-g3-f-pendant-3,35.00,Physical Security,Unknown,https://ca.store.ui.com/ca/en/products/uvc-g3-f-pendant-3,Exact,2026-08-19T17:31:41+00:00
uvc-g3-ins-cover-dark-grey,uvc-g3-ins-cover-dark-grey,15.00,Physical Security,Unknown,https://ca.store.ui.com/ca/en/products/uvc-g3-ins-cover-dark-grey,Exact,2026-08-19T17:31:41+00:00
UVC-G3-INS-Cover-Grey,uvc-g3-ins-cover-grey,15.00,Physical Security,Unknown,https://ca.store.ui.com/ca/en/products/uvc-g3-ins-cover-grey,Exact,2026-08-19T17:31:41+00:00
uvc-g3-ins-cover-light-grey,uvc-g3-ins-cover-light-grey,15.00,Physical Security,Unknown,https://ca.store.ui.com/ca/en/products/uvc-g3-ins-cover-light-grey,Exact,2026-08-19T17:31:41+00:00
UVC-G3F-Cover-Black-3,uvc-g3f-cover-black-3,69.00,Physical Security,Unknown,https://ca.store.ui.com/ca/en/products/uvc-g3f-cover-black-3,Exact,2026-08-19T17:31:41+00:00
UVC-G3F-cover-Camo-3,uvc-g3f-cover-camo-3,69.00,Physical Security,Unknown,https://ca.store.ui.com/ca/en/products/uvc-g3f-cover-camo-3,Exact,2026-08-19T17:31:41+00:00
UVC-G3F-cover-Concrete-3,uvc-g3f-cover-concrete-3,69.00,Physical Security,Unknown,https://ca.store.ui.com/ca/en/products/uvc-g3f-cover-concrete-3,Exact,2026-08-19T17:31:41+00:00
UVC-G3F-cover-Marble-3,uvc-g3f-cover-marble-3,69.00,Physical Security,Unknown,https://ca.store.ui.com/ca/en/products/uvc-g3f-cover-marble-3,Exact,2026-08-19T17:31:41+00:00
UVC-G3F-cover-Wood-3,uvc-g3f-cover-wood-3,69.00,Physical Security,Unknown,https://ca.store.ui.com/ca/en/products/uvc-g3f-cover-wood-3,Exact,2026-08-19T17:31:41+00:00
UVC-G4-DB-Cover-Black,uvc-g4-db-cover-black,20.00,Physical Security,Unknown,https://ca.store.ui.com/ca/en/products/uvc-g4-db-cover-black,Exact,2026-08-19T17:31:41+00:00
UVC-G4-DB-Cover-Brick,uvc-g4-db-cover-brick,20.00,Physical Security,Unknown,https://ca.store.ui.com/ca/en/products/uvc-g4-db-cover-brick,Exact,2026-08-19T17:31:41+00:00
UVC-G4-DB-Cover-Concrete,uvc-g4-db-cover-concrete,20.00,Physical Security,Unknown,https://ca.store.ui.com/ca/en/products/uvc-g4-db-cover-concrete,Exact,2026-08-19T17:31:41+00:00
UVC-G4-DB-Cover-Fabric,uvc-g4-db-cover-fabric,20.00,Physical Security,Unknown,https://ca.store.ui.com/ca/en/products/uvc-g4-db-cover-fabric,Exact,2026-08-19T17:31:41+00:00
UVC-G4-DB-Cover-Silver,uvc-g4-db-cover-silver,20.00,Physical Security,Unknown,https://ca.store.ui.com/ca/en/products/uvc-g4-db-cover-silver,Exact,2026-08-19T17:31:41+00:00
UVC-G4-DB-Cover-Wood,uvc-g4-db-cover-wood,20.00,Physical Security,Unknown,https://ca.store.ui.com/ca/en/products/uvc-g4-db-cover-wood,Exact,2026-08-19T17:31:41+00:00
uvc-g4-doorbell-pro-poe-kit-white,uvc-g4-doorbell-pro-poe-kit-white,519.00,Physical Security,Unknown,https://ca.store.ui.com/ca/en/products/uvc-g4-doorbell-pro-poe-kit-white,Exact,2026-08-19T17:31:41+00:00
uvc-g4-doorbell-pro-us,uvc-g4-doorbell-pro-us,409.00,Physical Security,Unknown,https://ca.store.ui.com/ca/en/products/uvc-g4-doorbell-pro-us,Exact,2026-08-19T17:31:41+00:00
UVC-G4-Doorbell-PS-US,uvc-g4-doorbell-ps-us,39.00,Physical Security,Unknown,https://ca.store.ui.com/ca/en/products/uvc-g4-doorbell-ps-us,Exact,2026-08-19T17:31:41+00:00
UVC-G4-INS-US,uvc-g4-ins-us,130.00,Physical Security,Unknown,https://ca.store.ui.com/ca/en/products/uvc-g4-ins-us,Exact,2026-08-19T17:31:41+00:00
UVC-G4-IRExtender,uvc-g4-irextender,109.00,Physical Security,Unknown,https://ca.store.ui.com/ca/en/products/uvc-g4-irextender,Exact,2026-08-19T17:31:41+00:00
UVC-G5-Bullet-3,uvc-g5-bullet-3,489.00,Physical Security,Unknown,https://ca.store.ui.com/ca/en/products/uvc-g5-bullet-3,Exact,2026-08-19T17:31:41+00:00
UVC-G5-Dome-3,uvc-g5-dome-3,719.00,Physical Security,Unknown,https://ca.store.ui.com/ca/en/products/uvc-g5-dome-3,Exact,2026-08-19T17:31:41+00:00
UVC-G5-Dome-Ultra-B,uvc-g5-dome-ultra-b,169.00,Physical Security,Unknown,https://ca.store.ui.com/ca/en/products/uvc-g5-dome-ultra-b,Exact,2026-08-19T17:31:41+00:00
UVC-G5-PTZ-B,uvc-g5-ptz-b,429.00,Physical Security,Unknown,https://ca.store.ui.com/ca/en/products/uvc-g5-ptz-b,Exact,2026-08-19T17:31:41+00:00
UVC-G5-Turret-Ultra-B,uvc-g5-turret-ultra-b,169.00,Physical Security,Unknown,https://ca.store.ui.com/ca/en/products/uvc-g5-turret-ultra-b,Exact,2026-08-19T17:31:41+00:00
UVC-G6-180-B,uvc-g6-180-b,429.00,Physical Security,Unknown,https://ca.store.ui.com/ca/en/products/uvc-g6-180-b,Exact,2026-08-19T17:31:41+00:00
UVC-G6-180-W,uvc-g6-180-w,429.00,Physical Security,Unknown,https://ca.store.ui.com/ca/en/products/uvc-g6-180-w,Exact,2026-08-19T17:31:41+00:00
UVC-G6-Bullet-B,uvc-g6-bullet-b,285.00,Physical Security,Unknown,https://ca.store.ui.com/ca/en/products/uvc-g6-bullet-b,Exact,2026-08-19T17:31:41+00:00
UVC-G6-Bullet-W,uvc-g6-bullet-w,285.00,Physical Security,Unknown,https://ca.store.ui.com/ca/en/products/uvc-g6-bullet-w,Exact,2026-08-19T17:31:41+00:00
UVC-G6-Dome-B,uvc-g6-dome-b,400.00,Physical Security,Unknown,https://ca.store.ui.com/ca/en/products/uvc-g6-dome-b,Exact,2026-08-19T17:31:41+00:00
UVC-G6-Dome-W,uvc-g6-dome-w,400.00,Physical Security,Unknown,https://ca.store.ui.com/ca/en/products/uvc-g6-dome-w,Exact,2026-08-19T17:31:41+00:00
UVC-G6-INS-W-US,uvc-g6-ins-w-us,255.00,Physical Security,Unknown,https://ca.store.ui.com/ca/en/products/uvc-g6-ins-w-us,Exact,2026-08-19T17:31:41+00:00
UVC-G6-Mini-Dome-B,uvc-g6-mini-dome-b,429.00,Physical Security,Unknown,https://ca.store.ui.com/ca/en/products/uvc-g6-mini-dome-b,Exact,2026-08-19T17:31:41+00:00
UVC-G6-Mini-Dome-W,uvc-g6-mini-dome-w,429.00,Physical Security,Unknown,https://ca.store.ui.com/ca/en/products/uvc-g6-mini-dome-w,Exact,2026-08-19T17:31:41+00:00
UVC-G6-Pro-360-B,uvc-g6-pro-360-b,715.00,Physical Security,Unknown,https://ca.store.ui.com/ca/en/products/uvc-g6-pro-360-b,Exact,2026-08-19T17:31:41+00:00
UVC-G6-Pro-360-W,uvc-g6-pro-360-w,715.00,Physical Security,Unknown,https://ca.store.ui.com/ca/en/products/uvc-g6-pro-360-w,Exact,2026-08-19T17:31:41+00:00
UVC-G6-Pro-Bullet-B,uvc-g6-pro-bullet-b,685.00,Physical Security,Unknown,https://ca.store.ui.com/ca/en/products/uvc-g6-pro-bullet-b,Exact,2026-08-19T17:31:41+00:00
UVC-G6-Pro-Bullet-W,uvc-g6-pro-bullet-w,685.00,Physical Security,Unknown,https://ca.store.ui.com/ca/en/products/uvc-g6-pro-bullet-w,Exact,2026-08-19T17:31:41+00:00
UVC-G6-Pro-Dome-B,uvc-g6-pro-dome-b,715.00,Physical Security,Unknown,https://ca.store.ui.com/ca/en/products/uvc-g6-pro-dome-b,Exact,2026-08-19T17:31:41+00:00
UVC-G6-Pro-Dome-W,uvc-g6-pro-dome-w,715.00,Physical Security,Unknown,https://ca.store.ui.com/ca/en/products/uvc-g6-pro-dome-w,Exact,2026-08-19T17:31:41+00:00
UVC-G6-Pro-Turret-B,uvc-g6-pro-turret-b,685.00,Physical Security,Unknown,https://ca.store.ui.com/ca/en/products/uvc-g6-pro-turret-b,Exact,2026-08-19T17:31:41+00:00
UVC-G6-Pro-Turret-W,uvc-g6-pro-turret-w,685.00,Physical Security,Unknown,https://ca.store.ui.com/ca/en/products/uvc-g6-pro-turret-w,Exact,2026-08-19T17:31:41+00:00
UVC-G6-PTZ-B,uvc-g6-ptz-b,570.00,Physical Security,Unknown,https://ca.store.ui.com/ca/en/products/uvc-g6-ptz-b,Exact,2026-08-19T17:31:41+00:00
UVC-G6-PTZ-W,uvc-g6-ptz-w,570.00,Physical Security,Unknown,https://ca.store.ui.com/ca/en/products/uvc-g6-ptz-w,Exact,2026-08-19T17:31:41+00:00
UVC-G6-Turret-B,uvc-g6-turret-b,285.00,Physical Security,Unknown,https://ca.store.ui.com/ca/en/products/uvc-g6-turret-b,Exact,2026-08-19T17:31:41+00:00
UVC-G6-Turret-W,uvc-g6-turret-w,285.00,Physical Security,Unknown,https://ca.store.ui.com/ca/en/products/uvc-g6-turret-w,Exact,2026-08-19T17:31:41+00:00
UP-AirQuality,Vape Detection & Air Quality Sensor,140.00,Physical Security,In Stock,https://ca.store.ui.com/ca/en/products/up-airquality,Exact,2026-08-19T17:31:41+00:00
UP-Chime-US,WiFi Smart Chime,79.00,Physical Security,In Stock,https://ca.store.ui.com/ca/en/products/up-chime-us,Exact,2026-08-19T17:31:41+00:00
UACC-Flex-Utility-Pro,Flex Utility Pro,85.00,Switching,In Stock,https://ca.store.ui.com/ca/en/products/uacc-flex-utility-pro,Exact,2026-08-19T17:31:41+00:00
USW-16-POE,Switch 16 PoE,429.00,Switching,In Stock,https://ca.store.ui.com/ca/en/products/usw-16-poe,Exact,2026-08-19T17:31:41+00:00
USW-24,Switch 24,309.00,Switching,In Stock,https://ca.store.ui.com/ca/en/products/usw-24,Exact,2026-08-19T17:31:41+00:00
USW-24-POE,Switch 24 PoE,519.00,Switching,In Stock,https://ca.store.ui.com/ca/en/products/usw-24-poe,Exact,2026-08-19T17:31:41+00:00
USW-48,Switch 48,539.00,Switching,In Stock,https://ca.store.ui.com/ca/en/products/usw-48,Exact,2026-08-19T17:31:41+00:00
USW-48-POE,Switch 48 PoE,799.00,Switching,In Stock,https://ca.store.ui.com/ca/en/products/usw-48-poe,Exact,2026-08-19T17:31:41+00:00
USW-Aggregation,Switch Aggregation,369.00,Switching,In Stock,https://ca.store.ui.com/ca/en/products/usw-aggregation,Exact,2026-08-19T17:31:41+00:00
USW-Enterprise-8-PoE,Switch Enterprise 8 PoE (Vintage),649.00,Switching,In Stock,https://ca.store.ui.com/ca/en/products/usw-enterprise-8-poe,Exact,2026-08-19T17:31:41+00:00
EAV-Fiber,Switch Enterprise Audio/Video Fiber,4300.00,Switching,In Stock,https://ca.store.ui.com/ca/en/products/eav-fiber,Exact,2026-08-19T17:31:41+00:00
EAV-XG-24-PoE,Switch Enterprise Audio/Video XG 24 PoE,5735.00,Switching,In Stock,https://ca.store.ui.com/ca/en/products/eav-xg-24-poe,Exact,2026-08-19T17:31:41+00:00
ECS-24-PoE,Switch Enterprise Campus 24 PoE,3585.00,Switching,In Stock,https://ca.store.ui.com/ca/en/products/ecs-24-poe,Exact,2026-08-19T17:31:41+00:00
ECS-24S-PoE,Switch Enterprise Campus 24S PoE,4300.00,Switching,Coming Soon,https://ca.store.ui.com/ca/en/products/ecs-24s-poe,Exact,2026-08-19T17:31:41+00:00
ECS-48-PoE,Switch Enterprise Campus 48 PoE,5019.00,Switching,In Stock,https://ca.store.ui.com/ca/en/products/ecs-48-poe,Exact,2026-08-19T17:31:41+00:00
ECS-48S-PoE,Switch Enterprise Campus 48S PoE,5735.00,Switching,Coming Soon,https://ca.store.ui.com/ca/en/products/ecs-48s-poe,Exact,2026-08-19T17:31:41+00:00
ECS-Aggregation,Switch Enterprise Campus Aggregation,5735.00,Switching,In Stock,https://ca.store.ui.com/ca/en/products/ecs-aggregation,Exact,2026-08-19T17:31:41+00:00
USW-Flex,Switch Flex,129.00,Switching,In Stock,https://ca.store.ui.com/ca/en/products/usw-flex,Exact,2026-08-19T17:31:41+00:00
USW-Flex-3,Switch Flex,379.00,Switching,In Stock,https://ca.store.ui.com/ca/en/products/usw-flex,Exact,2026-08-19T17:31:41+00:00
USW-Flex-2.5G-8,Switch Flex 2.5G,229.00,Switching,In Stock,https://ca.store.ui.com/ca/en/products/usw-flex-2-5g-8,Exact,2026-08-19T17:31:41+00:00
USW-Flex-2.5G-8-PoE,Switch Flex 2.5G PoE,285.00,Switching,In Stock,https://ca.store.ui.com/ca/en/products/usw-flex-2-5g-8-poe,Exact,2026-08-19T17:31:41+00:00
USW-Flex-Mini,Switch Flex Mini,39.00,Switching,In Stock,https://ca.store.ui.com/ca/en/products/usw-flex-mini,Exact,2026-08-19T17:31:41+00:00
USW-Flex-Mini-3,Switch Flex Mini,119.00,Switching,In Stock,https://ca.store.ui.com/ca/en/products/usw-flex-mini,Exact,2026-08-19T17:31:41+00:00
USW-Flex-Mini-5,Switch Flex Mini,189.00,Switching,In Stock,https://ca.store.ui.com/ca/en/products/usw-flex-mini,Exact,2026-08-19T17:31:41+00:00
USW-Flex-2.5G-5,Switch Flex Mini 2.5G,65.00,Switching,In Stock,https://ca.store.ui.com/ca/en/products/usw-flex-2-5g-5,Exact,2026-08-19T17:31:41+00:00
USW-Flex-Utility,Switch Flex Utility,69.00,Switching,In Stock,https://ca.store.ui.com/ca/en/products/usw-flexutility,Exact,2026-08-19T17:31:41+00:00
USW-Flex-XG,Switch Flex XG,409.00,Switching,In Stock,https://ca.store.ui.com/ca/en/products/usw-flex-xg,Exact,2026-08-19T17:31:41+00:00
USW-Pro-Aggregation,Switch Hi-Capacity Aggregation,1220.00,Switching,In Stock,https://ca.store.ui.com/ca/en/products/usw-pro-aggregation,Exact,2026-08-19T17:31:41+00:00
USW-Lite-16-POE,Switch Lite 16 PoE,279.00,Switching,In Stock,https://ca.store.ui.com/ca/en/products/usw-lite-16-poe,Exact,2026-08-19T17:31:41+00:00
USW-Lite-8-POE,Switch Lite 8 PoE,149.00,Switching,In Stock,https://ca.store.ui.com/ca/en/products/usw-lite-8-poe,Exact,2026-08-19T17:31:41+00:00
USW-Pro-24,Switch Pro 24,539.00,Switching,Out of Stock,https://ca.store.ui.com/ca/en/products/usw-pro-24,Exact,2026-08-19T17:31:41+00:00
USW-Pro-24-POE,Switch Pro 24 PoE,950.00,Switching,In Stock,https://ca.store.ui.com/ca/en/products/usw-pro-24-poe,Exact,2026-08-19T17:31:41+00:00
USW-Pro-48,Switch Pro 48,819.00,Switching,Out of Stock,https://ca.store.ui.com/ca/en/products/usw-pro-48,Exact,2026-08-19T17:31:41+00:00
USW-Pro-48-POE,Switch Pro 48 PoE,1499.00,Switching,In Stock,https://ca.store.ui.com/ca/en/products/usw-pro-48-poe,Exact,2026-08-19T17:31:41+00:00
USW-Pro-8-PoE,Switch Pro 8 PoE,429.00,Switching,In Stock,https://ca.store.ui.com/ca/en/products/usw-pro-8-poe,Exact,2026-08-19T17:31:41+00:00
USW-Pro-HD-24,Switch Pro HD 24,859.00,Switching,In Stock,https://ca.store.ui.com/ca/en/products/usw-pro-hd-24,Exact,2026-08-19T17:31:41+00:00
USW-Pro-HD-24-PoE,Switch Pro HD 24 PoE,1435.00,Switching,In Stock,https://ca.store.ui.com/ca/en/products/usw-pro-hd-24-poe,Exact,2026-08-19T17:31:41+00:00
USW-Pro-Max-16,Switch Pro Max 16,400.00,Switching,In Stock,https://ca.store.ui.com/ca/en/products/usw-pro-max-16,Exact,2026-08-19T17:31:41+00:00
USW-Pro-Max-16-PoE,Switch Pro Max 16 PoE,570.00,Switching,In Stock,https://ca.store.ui.com/ca/en/products/usw-pro-max-16-poe,Exact,2026-08-19T17:31:41+00:00
USW-Pro-Max-24,Switch Pro Max 24,645.00,Switching,In Stock,https://ca.store.ui.com/ca/en/products/usw-pro-max-24,Exact,2026-08-19T17:31:41+00:00
USW-Pro-Max-24-PoE,Switch Pro Max 24 PoE,1089.00,Switching,In Stock,https://ca.store.ui.com/ca/en/products/usw-pro-max-24-poe,Exact,2026-08-19T17:31:41+00:00
USW-Pro-Max-48,Switch Pro Max 48,930.00,Switching,In Stock,https://ca.store.ui.com/ca/en/products/usw-pro-max-48,Exact,2026-08-19T17:31:41+00:00
USW-Pro-Max-48-PoE,Switch Pro Max 48 PoE,1769.00,Switching,In Stock,https://ca.store.ui.com/ca/en/products/usw-pro-max-48-poe,Exact,2026-08-19T17:31:41+00:00
USW-Pro-XG-10-PoE,Switch Pro XG 10 PoE,1005.00,Switching,In Stock,https://ca.store.ui.com/ca/en/products/usw-pro-xg-10-poe,Exact,2026-08-19T17:31:41+00:00
USW-Pro-XG-24,Switch Pro XG 24,1575.00,Switching,In Stock,https://ca.store.ui.com/ca/en/products/usw-pro-xg-24,Exact,2026-08-19T17:31:41+00:00
USW-Pro-XG-24-PoE,Switch Pro XG 24 PoE,2580.00,Switching,In Stock,https://ca.store.ui.com/ca/en/products/usw-pro-xg-24-poe,Exact,2026-08-19T17:31:41+00:00
USW-Pro-XG-48,Switch Pro XG 48,2869.00,Switching,In Stock,https://ca.store.ui.com/ca/en/products/usw-pro-xg-48,Exact,2026-08-19T17:31:41+00:00
USW-Pro-XG-48-PoE,Switch Pro XG 48 PoE,3585.00,Switching,In Stock,https://ca.store.ui.com/ca/en/products/usw-pro-xg-48-poe,Exact,2026-08-19T17:31:41+00:00
USW-Pro-XG-8-PoE,Switch Pro XG 8 PoE,715.00,Switching,In Stock,https://ca.store.ui.com/ca/en/products/usw-pro-xg-8-poe,Exact,2026-08-19T17:31:41+00:00
USW-Pro-XG-Aggregation,Switch Pro XG Aggregation,3585.00,Switching,In Stock,https://ca.store.ui.com/ca/en/products/usw-pro-xg-aggregation,Exact,2026-08-19T17:31:41+00:00
USW-Ultra,Switch Ultra,169.00,Switching,In Stock,https://ca.store.ui.com/ca/en/products/usw-ultra,Exact,2026-08-19T17:31:41+00:00
USW-Ultra-210W,Switch Ultra 210W,285.00,Switching,In Stock,https://ca.store.ui.com/ca/en/products/usw-ultra-210w,Exact,2026-08-19T17:31:41+00:00
USW-Ultra-60W,Switch Ultra 60W,209.00,Switching,In Stock,https://ca.store.ui.com/ca/en/products/usw-ultra-60w,Exact,2026-08-19T17:31:41+00:00
USW-WAN,UniFi WAN Switch,355.00,Switching,In Stock,https://ca.store.ui.com/ca/en/products/usw-wan,Exact,2026-08-19T17:31:41+00:00
USW-WAN-RJ45,UniFi WAN Switch RJ45,355.00,Switching,In Stock,https://ca.store.ui.com/ca/en/products/usw-wan-rj45,Exact,2026-08-19T17:31:41+00:00
USW-Mission-Critical-US,UPS PoE Switch Mission Critical,1359.00,Switching,In Stock,https://ca.store.ui.com/ca/en/products/usw-mission-critical,Exact,2026-08-19T17:31:41+00:00
USW-Flex-2.5G-5,usw-flex-2dot5g-5,65.00,Switching,Unknown,https://ca.store.ui.com/ca/en/products/usw-flex-2dot5g-5,Exact,2026-08-19T17:31:41+00:00
USW-Flex-2.5G-8,usw-flex-2dot5g-8,229.00,Switching,Unknown,https://ca.store.ui.com/ca/en/products/usw-flex-2dot5g-8,Exact,2026-08-19T17:31:41+00:00
USW-Flex-2.5G-8-PoE,usw-flex-2dot5g-8-poe,285.00,Switching,Unknown,https://ca.store.ui.com/ca/en/products/usw-flex-2dot5g-8-poe,Exact,2026-08-19T17:31:41+00:00
USW-Flex-3,usw-flex-3,379.00,Switching,Unknown,https://ca.store.ui.com/ca/en/products/usw-flex-3,Exact,2026-08-19T17:31:41+00:00
USW-Flex-Mini-3,usw-flex-mini-3,119.00,Switching,Unknown,https://ca.store.ui.com/ca/en/products/usw-flex-mini-3,Exact,2026-08-19T17:31:41+00:00
USW-Flex-Mini-5,usw-flex-mini-5,189.00,Switching,Unknown,https://ca.store.ui.com/ca/en/products/usw-flex-mini-5,Exact,2026-08-19T17:31:41+00:00
USW-Flex-Utility,usw-flex-utility,69.00,Switching,Unknown,https://ca.store.ui.com/ca/en/products/usw-flex-utility,Exact,2026-08-19T17:31:41+00:00
USW-Mission-Critical-US,usw-mission-critical-us,1359.00,Switching,Unknown,https://ca.store.ui.com/ca/en/products/usw-mission-critical-us,Exact,2026-08-19T17:31:41+00:00
UAP-AC-M-5-US,Access Point AC Mesh,649.00,WiFi,Out of Stock,https://ca.store.ui.com/ca/en/products/uap-ac-mesh,Exact,2026-08-19T17:31:41+00:00
UAP-AC-M-US,Access Point AC Mesh,139.00,WiFi,Out of Stock,https://ca.store.ui.com/ca/en/products/uap-ac-mesh,Exact,2026-08-19T17:31:41+00:00
UAP-AC-PRO-5-US,Access Point AC Pro,955.00,WiFi,In Stock,https://ca.store.ui.com/ca/en/products/uap-ac-pro,Exact,2026-08-19T17:31:41+00:00
UAP-AC-PRO-US,Access Point AC Pro,205.00,WiFi,In Stock,https://ca.store.ui.com/ca/en/products/uap-ac-pro,Exact,2026-08-19T17:31:41+00:00
E7-US,Access Point E7,715.00,WiFi,In Stock,https://ca.store.ui.com/ca/en/products/e7,Exact,2026-08-19T17:31:41+00:00
E7-Audience-US,Access Point E7 Audience,2869.00,WiFi,In Stock,https://ca.store.ui.com/ca/en/products/e7-audience-us,Exact,2026-08-19T17:31:41+00:00
E7-Audience-Indoor-US,Access Point E7 Audience Indoor,2869.00,WiFi,In Stock,https://ca.store.ui.com/ca/en/products/e7-audience-indoor,Exact,2026-08-19T17:31:41+00:00
E7-Campus-US,Access Point E7 Campus,1145.00,WiFi,In Stock,https://ca.store.ui.com/ca/en/products/e7-campus-us,Exact,2026-08-19T17:31:41+00:00
E7-Campus-Indoor-US,Access Point E7 Campus Indoor,1145.00,WiFi,In Stock,https://ca.store.ui.com/ca/en/products/e7-campus-indoor,Exact,2026-08-19T17:31:41+00:00
U6-Enterprise-US,Access Point U6 Enterprise,379.00,WiFi,In Stock,https://ca.store.ui.com/ca/en/products/u6-enterprise,Exact,2026-08-19T17:31:41+00:00
U6-Enterprise-IW-US,Access Point U6 Enterprise In-Wall,429.00,WiFi,In Stock,https://ca.store.ui.com/ca/en/products/u6-enterprise-iw,Exact,2026-08-19T17:31:41+00:00
U6-Extender,Access Point U6 Extender,199.00,WiFi,In Stock,https://ca.store.ui.com/ca/en/products/u6-extender,Exact,2026-08-19T17:31:41+00:00
U6-IW-US,Access Point U6 In-Wall,255.00,WiFi,In Stock,https://ca.store.ui.com/ca/en/products/u6-iw,Exact,2026-08-19T17:31:41+00:00
U6-Mesh-US,Access Point U6 Mesh,255.00,WiFi,In Stock,https://ca.store.ui.com/ca/en/products/u6-mesh,Exact,2026-08-19T17:31:41+00:00
U6-Mesh-Pro-US,Access Point U6 Mesh Pro,269.00,WiFi,In Stock,https://ca.store.ui.com/ca/en/products/u6-mesh-pro,Exact,2026-08-19T17:31:41+00:00
U6+-US,Access Point U6 Plus,129.00,WiFi,In Stock,https://ca.store.ui.com/ca/en/products/u6-plus,Exact,2026-08-19T17:31:41+00:00
U6-Pro-US,Access Point U6 Pro,219.00,WiFi,In Stock,https://ca.store.ui.com/ca/en/products/u6-pro,Exact,2026-08-19T17:31:41+00:00
U7-IW-US,Access Point U7 In-Wall,215.00,WiFi,In Stock,https://ca.store.ui.com/ca/en/products/u7-iw,Exact,2026-08-19T17:31:41+00:00
U7-Lite-US,Access Point U7 Lite,140.00,WiFi,In Stock,https://ca.store.ui.com/ca/en/products/u7-lite,Exact,2026-08-19T17:31:41+00:00
U7-LR-US,Access Point U7 Long-Range,229.00,WiFi,In Stock,https://ca.store.ui.com/ca/en/products/u7-lr,Exact,2026-08-19T17:31:41+00:00
U7-Mesh-US,Access Point U7 Mesh,285.00,WiFi,In Stock,https://ca.store.ui.com/ca/en/products/u7-mesh,Exact,2026-08-19T17:31:41+00:00
U7-Outdoor-US,Access Point U7 Outdoor,269.00,WiFi,In Stock,https://ca.store.ui.com/ca/en/products/u7-outdoor,Exact,2026-08-19T17:31:41+00:00
U7-Pro-5-US,Access Point U7 Pro,1189.00,WiFi,Out of Stock,https://ca.store.ui.com/ca/en/products/u7-pro,Exact,2026-08-19T17:31:41+00:00
U7-Pro-US,Access Point U7 Pro,239.00,WiFi,Out of Stock,https://ca.store.ui.com/ca/en/products/u7-pro,Exact,2026-08-19T17:31:41+00:00
U7-Pro-Max-US,Access Point U7 Pro Max,400.00,WiFi,In Stock,https://ca.store.ui.com/ca/en/products/u7-pro-max,Exact,2026-08-19T17:31:41+00:00
U7-Pro-Outdoor-US,Access Point U7 Pro Outdoor,400.00,WiFi,In Stock,https://ca.store.ui.com/ca/en/products/u7-pro-outdoor-us,Exact,2026-08-19T17:31:41+00:00
U7-Pro-Wall-US,Access Point U7 Pro Wall,269.00,WiFi,In Stock,https://ca.store.ui.com/ca/en/products/u7-pro-wall,Exact,2026-08-19T17:31:41+00:00
U7-Pro-XG-B-US,Access Point U7 Pro XG,285.00,WiFi,In Stock,https://ca.store.ui.com/ca/en/products/u7-pro-xg,Exact,2026-08-19T17:31:41+00:00
U7-Pro-XG-US,Access Point U7 Pro XG,285.00,WiFi,In Stock,https://ca.store.ui.com/ca/en/products/u7-pro-xg,Exact,2026-08-19T17:31:41+00:00
U7-Pro-XG-Wall-US,Access Point U7 Pro XG Wall,400.00,WiFi,In Stock,https://ca.store.ui.com/ca/en/products/u7-pro-xg-wall,Exact,2026-08-19T17:31:41+00:00
U7-Pro-XGS-B-US,Access Point U7 Pro XGS,429.00,WiFi,In Stock,https://ca.store.ui.com/ca/en/products/u7-pro-xgs,Exact,2026-08-19T17:31:41+00:00
U7-Pro-XGS-US,Access Point U7 Pro XGS,429.00,WiFi,In Stock,https://ca.store.ui.com/ca/en/products/u7-pro-xgs,Exact,2026-08-19T17:31:41+00:00
U-AirWire-US,AirWire,285.00,WiFi,In Stock,https://ca.store.ui.com/ca/en/products/u-airwire,Exact,2026-08-19T17:31:41+00:00
UBB-Single-US,Building-to-Building Bridge,400.00,WiFi,In Stock,https://ca.store.ui.com/ca/en/products/ubb,Exact,2026-08-19T17:31:41+00:00
UBB-US,Building-to-Building Bridge,715.00,WiFi,In Stock,https://ca.store.ui.com/ca/en/products/ubb,Exact,2026-08-19T17:31:41+00:00
UBB-XG-Single-US,Building-to-Building Bridge XG,789.00,WiFi,Out of Stock,https://ca.store.ui.com/ca/en/products/ubb-xg,Exact,2026-08-19T17:31:41+00:00
UBB-XG-US,Building-to-Building Bridge XG,1379.00,WiFi,Out of Stock,https://ca.store.ui.com/ca/en/products/ubb-xg,Exact,2026-08-19T17:31:41+00:00
UDB-IoT-US,Device Bridge IoT,70.00,WiFi,Out of Stock,https://ca.store.ui.com/ca/en/products/udb-iot,Exact,2026-08-19T17:31:41+00:00
UDB-Pro-US,Device Bridge Pro,285.00,WiFi,In Stock,https://ca.store.ui.com/ca/en/products/udb-pro,Exact,2026-08-19T17:31:41+00:00
UDB-Pro-Sector-US,Device Bridge Pro Sector,285.00,WiFi,In Stock,https://ca.store.ui.com/ca/en/products/udb-pro-sector,Exact,2026-08-19T17:31:41+00:00
UDB-Switch-US,Device Bridge Switch,429.00,WiFi,In Stock,https://ca.store.ui.com/ca/en/products/udb-switch,Exact,2026-08-19T17:31:41+00:00
E7-Audience-Indoor-US,e7-audience-indoor-us,2869.00,WiFi,Unknown,https://ca.store.ui.com/ca/en/products/e7-audience-indoor-us,Exact,2026-08-19T17:31:41+00:00
E7-Campus-Indoor-US,e7-campus-indoor-us,1145.00,WiFi,Unknown,https://ca.store.ui.com/ca/en/products/e7-campus-indoor-us,Exact,2026-08-19T17:31:41+00:00
E7-US,e7-us,715.00,WiFi,Unknown,https://ca.store.ui.com/ca/en/products/e7-us,Exact,2026-08-19T17:31:41+00:00
UK-Ultra,Swiss Army Knife,105.00,WiFi,Out of Stock,https://ca.store.ui.com/ca/en/products/uk-ultra,Exact,2026-08-19T17:31:41+00:00
U-AirWire-US,u-airwire-us,285.00,WiFi,Unknown,https://ca.store.ui.com/ca/en/products/u-airwire-us,Exact,2026-08-19T17:31:41+00:00
U6-Enterprise-IW-US,u6-enterprise-iw-us,429.00,WiFi,Unknown,https://ca.store.ui.com/ca/en/products/u6-enterprise-iw-us,Exact,2026-08-19T17:31:41+00:00
U6-Enterprise-US,u6-enterprise-us,379.00,WiFi,Unknown,https://ca.store.ui.com/ca/en/products/u6-enterprise-us,Exact,2026-08-19T17:31:41+00:00
U6-IW-US,u6-iw-us,255.00,WiFi,Unknown,https://ca.store.ui.com/ca/en/products/u6-iw-us,Exact,2026-08-19T17:31:41+00:00
U6-Mesh-Pro-US,u6-mesh-pro-us,269.00,WiFi,Unknown,https://ca.store.ui.com/ca/en/products/u6-mesh-pro-us,Exact,2026-08-19T17:31:41+00:00
U6-Mesh-US,u6-mesh-us,255.00,WiFi,Unknown,https://ca.store.ui.com/ca/en/products/u6-mesh-us,Exact,2026-08-19T17:31:41+00:00
U6-Pro-US,u6-pro-us,219.00,WiFi,Unknown,https://ca.store.ui.com/ca/en/products/u6-pro-us,Exact,2026-08-19T17:31:41+00:00
U6+-US,u6plus-us,129.00,WiFi,Unknown,https://ca.store.ui.com/ca/en/products/u6plus-us,Exact,2026-08-19T17:31:41+00:00
U7-IW-US,u7-iw-us,215.00,WiFi,Unknown,https://ca.store.ui.com/ca/en/products/u7-iw-us,Exact,2026-08-19T17:31:41+00:00
U7-Lite-US,u7-lite-us,140.00,WiFi,Unknown,https://ca.store.ui.com/ca/en/products/u7-lite-us,Exact,2026-08-19T17:31:41+00:00
U7-LR-US,u7-lr-us,229.00,WiFi,Unknown,https://ca.store.ui.com/ca/en/products/u7-lr-us,Exact,2026-08-19T17:31:41+00:00
U7-Mesh-US,u7-mesh-us,285.00,WiFi,Unknown,https://ca.store.ui.com/ca/en/products/u7-mesh-us,Exact,2026-08-19T17:31:41+00:00
U7-Outdoor-US,u7-outdoor-us,269.00,WiFi,Unknown,https://ca.store.ui.com/ca/en/products/u7-outdoor-us,Exact,2026-08-19T17:31:41+00:00
U7-Pro-5-US,u7-pro-5-us,1189.00,WiFi,Unknown,https://ca.store.ui.com/ca/en/products/u7-pro-5-us,Exact,2026-08-19T17:31:41+00:00
U7-Pro-Max-US,u7-pro-max-us,400.00,WiFi,Unknown,https://ca.store.ui.com/ca/en/products/u7-pro-max-us,Exact,2026-08-19T17:31:41+00:00
U7-Pro-US,u7-pro-us,239.00,WiFi,Unknown,https://ca.store.ui.com/ca/en/products/u7-pro-us,Exact,2026-08-19T17:31:41+00:00
U7-Pro-Wall-US,u7-pro-wall-us,269.00,WiFi,Unknown,https://ca.store.ui.com/ca/en/products/u7-pro-wall-us,Exact,2026-08-19T17:31:41+00:00
U7-Pro-XG-B-US,u7-pro-xg-b-us,285.00,WiFi,Unknown,https://ca.store.ui.com/ca/en/products/u7-pro-xg-b-us,Exact,2026-08-19T17:31:41+00:00
U7-Pro-XG-US,u7-pro-xg-us,285.00,WiFi,Unknown,https://ca.store.ui.com/ca/en/products/u7-pro-xg-us,Exact,2026-08-19T17:31:41+00:00
U7-Pro-XG-Wall-US,u7-pro-xg-wall-us,400.00,WiFi,Unknown,https://ca.store.ui.com/ca/en/products/u7-pro-xg-wall-us,Exact,2026-08-19T17:31:41+00:00
U7-Pro-XGS-B-US,u7-pro-xgs-b-us,429.00,WiFi,Unknown,https://ca.store.ui.com/ca/en/products/u7-pro-xgs-b-us,Exact,2026-08-19T17:31:41+00:00
U7-Pro-XGS-US,u7-pro-xgs-us,429.00,WiFi,Unknown,https://ca.store.ui.com/ca/en/products/u7-pro-xgs-us,Exact,2026-08-19T17:31:41+00:00
UAP-AC-M-5-US,uap-ac-m-5-us,649.00,WiFi,Unknown,https://ca.store.ui.com/ca/en/products/uap-ac-m-5-us,Exact,2026-08-19T17:31:41+00:00
UAP-AC-M-US,uap-ac-m-us,139.00,WiFi,Unknown,https://ca.store.ui.com/ca/en/products/uap-ac-m-us,Exact,2026-08-19T17:31:41+00:00
UAP-AC-PRO-5-US,uap-ac-pro-5-us,955.00,WiFi,Unknown,https://ca.store.ui.com/ca/en/products/uap-ac-pro-5-us,Exact,2026-08-19T17:31:41+00:00
UAP-AC-PRO-US,uap-ac-pro-us,205.00,WiFi,Unknown,https://ca.store.ui.com/ca/en/products/uap-ac-pro-us,Exact,2026-08-19T17:31:41+00:00
UBB-Single-US,ubb-single-us,400.00,WiFi,Unknown,https://ca.store.ui.com/ca/en/products/ubb-single-us,Exact,2026-08-19T17:31:41+00:00
UBB-US,ubb-us,715.00,WiFi,Unknown,https://ca.store.ui.com/ca/en/products/ubb-us,Exact,2026-08-19T17:31:41+00:00
UBB-XG-Single-US,ubb-xg-single-us,789.00,WiFi,Unknown,https://ca.store.ui.com/ca/en/products/ubb-xg-single-us,Exact,2026-08-19T17:31:41+00:00
UBB-XG-US,ubb-xg-us,1379.00,WiFi,Unknown,https://ca.store.ui.com/ca/en/products/ubb-xg-us,Exact,2026-08-19T17:31:41+00:00
UDB-IoT-US,udb-iot-us,70.00,WiFi,Unknown,https://ca.store.ui.com/ca/en/products/udb-iot-us,Exact,2026-08-19T17:31:41+00:00
UDB-Pro-Sector-US,udb-pro-sector-us,285.00,WiFi,Unknown,https://ca.store.ui.com/ca/en/products/udb-pro-sector-us,Exact,2026-08-19T17:31:41+00:00
UDB-Pro-US,udb-pro-us,285.00,WiFi,Unknown,https://ca.store.ui.com/ca/en/products/udb-pro-us,Exact,2026-08-19T17:31:41+00:00
UDB-Switch-US,udb-switch-us,429.00,WiFi,Unknown,https://ca.store.ui.com/ca/en/products/udb-switch-us,Exact,2026-08-19T17:31:41+00:00
UDB-US,udb-us,135.00,WiFi,Unknown,https://ca.store.ui.com/ca/en/products/udb-us,Exact,2026-08-19T17:31:41+00:00
UDB-US,UniFi Device Bridge,135.00,WiFi,In Stock,https://ca.store.ui.com/ca/en/products/udb,Exact,2026-08-19T17:31:41+00:00
UTR-US,UniFi Travel Router,115.00,WiFi,In Stock,https://ca.store.ui.com/ca/en/products/utr,Exact,2026-08-19T17:31:41+00:00
UTR-US,utr-us,115.00,WiFi,Unknown,https://ca.store.ui.com/ca/en/products/utr-us,Exact,2026-08-19T17:31:41+00:00
UWB-XG-US,uwb-xg-us,2150.00,WiFi,Unknown,https://ca.store.ui.com/ca/en/products/uwb-xg-us,Exact,2026-08-19T17:31:41+00:00
UWB-XG-US,WiFi BaseStation XG,2150.00,WiFi,In Stock,https://ca.store.ui.com/ca/en/products/uwb-xg,Exact,2026-08-19T17:31:41+00:00
